track,charted
7m2VsHmjyXZegtndWPgxOw,True
1jdNcAD8Ir58RlsdGjJJdx,True
2Avh5LgyS4UCeYbzmgiSg9,True
7Hd4BJFPRYnF8FRyVhrXJr,True
5VVuxxuQIJD0pjjFls1DKL,True
33iv3wnGMrrDugd7GBso1z,True
6C7RJEIUDqKkJRZVWdkfkH,True
2wGSgTmgSF3xjRrHkTc25R,True
00BHe2yBtdOzhKPmI7rpTE,True
2mKouqwAIdQnMP43zxR89r,True
2gZUPNdnz5Y45eiGxpHGSc,True
7GX5flRQZVHRAGd6B4TmDO,True
3IMHVvQAIW1HBBFg7sweun,True
7GQDbC7GVYUpODdEFt0l9u,True
3FGxCAbXTpPqvnXrsj7s6W,True
5Z3GHaZ6ec9bsiI5BenrbY,True
0B2RttXEiyXsMeQ7mMP3EI,True
4JQSMg83F8qYwSBt5xOXsQ,True
6O6M7pJLABmfBRoGZMu76Y,True
7795WJLVKJoAyVoOtCWqXN,True
2zy9TMoZlYGuCNY4TLqG24,True
0TlLq3lA83rQOYtrqBqSct,True
58q2HKrzhC3ozto2nDdN4z,True
1KtVVUM6OkpyOsbVfbMybX,True
4lnAN2S1fcI0SjxEbksZVr,True
6b2oQwSGFkzsMtQruIWm2p,True
3SVAN3BRByDmHOhKyIDxfC,True
2DQ11fiHhS2436z7Odek4o,True
1ntxpzIUbSsizvuAy6lTYY,True
7fURZRPkB2S70sYR1naKTK,True
0deI3lZkgbVt6wRsv5s0Ev,True
44wXefe8WB9Fd6xwtmAwbR,True
5eek2X5459T1HoYJk2CKXv,True
74nl6X5WEfxdRvGkr5weof,True
1i8TVeZA6ZiSyrdLKQ4DEd,True
3ZPCqx2W8U6lOS6hM5xSBR,True
0jSRZBsn3RqAhBDzAefHAD,True
49E8SDVZ7BUyNAZZYfZdRx,True
5WwqdeavrQrbeAMDxGawse,True
1li0jGGRIaMaNNRBV8JXZ4,True
6Dwy69C8556LxhPlKAMD1K,True
4zJLpLsfY52ih6y8u4mhKH,True
2JFEZO2ZxzffY0wd9MYEu3,True
6RgSSndg8PUH2UcaCgia5V,True
3DDGhkxq3FeUorZppSgeLE,True
4xFxK0FXmNlUDRgCaIQCVn,True
2Z7bUp8cJKTM9eoj7hvWXG,True
5a5so8nqDGq75MI5WMbBtT,True
2vEQ9zBiwbAVXzS2SOxodY,True
5r55eZvOijyYZRPCdQbu85,True
23vvgYCDvRsD5LS2si61C4,True
2EllHgk4372ALCrLF35KvC,True
3vYQjj1vd3FLVNCRF9RC1H,True
3YKptz29AsOlm7WAVnztBh,True
4AUxNUnk45eqfqaWiP0fA0,True
3ZFTkvIE7kyPt6Nu3PEa7V,True
6sePPH7boWyJDI8spzwfBJ,True
45GtRWedzDAzG55MPosniU,True
6PUzxtIHkv346yP89NzP9X,True
3RJxomVp2QHF2kQJdGHERs,True
5JzF2iymNwCyFz9MTmojd0,True
5ubUprLRov5UPDCS2UP4cb,True
29YBihzQOmat0U74k4ukdx,True
0rpIH5otu7ykvZPdcQuRPh,True
5Sz09kaSzvpTC8lgm5W8Mt,True
3VMMmMR4IYL28n7oKHyUoD,True
0R8P9KfGJCDULmlEoBagcO,True
2qeESyQyH7MRHCBotCQsNq,True
6NYbMap6O6IdrhvZsz0zHJ,True
2SxC7qSTg4MaXygjkKt5GY,True
3rhITD3Q7qlOMCebBTHL8N,True
7G7pOhH50ZWkcl0BhmJdqw,True
56cQwIA14AQRdyWsu2Abdb,True
4BtK63vvaeI9DaIuUlOg5c,True
0D82ptaLlMYUOZ0XzggIDt,True
2nvC4i2aMo4CzRjRflysah,True
69m9WDPBvemwujQwdONslk,True
5JZnjM9ijpit0d5zjT8MM7,True
7vqUr6K2Js9Paq4kdNSOm6,True
3p6u2A85mjpENdBs4cnWR4,True
4lCv7b86sLynZbXhfScfm2,True
2k3b3uzuEQJLmSV9BlSZTM,True
1yWItbINcAC0IFssISgvvg,True
1AjUw6oBGCov7Vx1w7Siqi,True
6St9lR6dhV2tpCNVz7qfrS,True
3KOJhPY6UITeeMyxlpfxnQ,True
7gssYOCe03w6yC1JMjXiCN,True
6tS3XVuOyu10897O3ae7bi,True
1D9KEXIrlmPUkMTdYzqgX4,True
6w1hZMlo2SVuq29liebhb8,True
0idc0XRnLRovVqpWnGQ6hC,True
1RoV2hHbjzFbo9uKe2cvGs,True
0qTw7kEFpNdECY7jRCg54v,True
2ds9vlk6o6BRCc2FAkmOvX,True
2kA0IBd1u0Be6QJE60Ty6F,True
7tJQ4Ekp2vN3NlI3vJJW3v,True
5l9c6bJmzvftumhz4TMPgk,True
6xy6jNeNTYwjnKTDzMyHw2,True
7A9r5ZkRVuBPzjzY2CGYfS,True
5FEXPoPnzueFJQCPRIrC3c,True
5p6me2mwQrGfH30eExHn6v,True
3MhdH8PxqH1FuQp3HBptUI,True
5AnCLGg35ziFOloEnXK4uu,True
5l3CML2OnzfNs5RfVgbcLt,True
2OtCtGugQwH066hxpaRNwU,True
0KKkJNfGyhkQ5aFogxQAPU,True
2fZQIJew3nkNe99s2PKzul,True
47OVNnZJzIkrsEiZ4n187p,True
6vSforRhuzsA0D0SO9fG1S,True
5WvAo7DNuPRmk4APhdPzi8,True
2jyjhRf6DVbMPU5zxagN2h,True
6KOEK6SeCEZOQkLj5M1PxH,True
0wJoRiX5K5BxlqZTolB2LD,True
5gys5nzVQIYhgHIfiOJYva,True
1f2V8U1BiWaC9aJWmpOARe,True
4OCzAGgyWsUKpdWufYywZm,True
6B4JGMaqe1LaEMlsVzNdNM,True
2UHsGTwOU7P3vFo6bQytlX,True
7j31rVgGX9Q2blT92VBEA0,True
7uiqqtFamY6GFmkpJ21yAo,True
7HR024DKw3SnKzCDJp3Bnf,True
6pyex9B1kBoRIuabBAc4m8,True
6E2WZdIlf8SKrB7sq2yz99,True
4oM93m3dQYXI3tpJOvo08j,True
5qv0ohJV2QNwga79jLNDYQ,True
2VhPOtIQw2UpQmRVevdviU,True
33PYfsUghmJi6rcKCfJ7my,True
6sZN7DLWJDgWE8yRxLOTwS,True
3PseYTKSGARcv7h3SkiBk4,True
5WLhAmEGwePI2RD9ZECTw7,True
2iaWwsOKvHhi9j3H7Qdizm,True
3uBbvynFWlF041WzNVHd1d,True
7jVNFF0E9Zm04J8ezjLuNq,True
6chdRBWviHlm7JAtwgflBP,True
4m5n2dnmOyaMJhrivbJWRt,True
48td6xvpokdYwvbl3JIiXP,True
0gM8Oo7EQpawzAJ5hAR2QC,True
5LlmQEhiXrEhUjQftO754a,True
0J50J7XXTqkpVrT9SojZ6D,True
4b8GTae6rqb9oPiRzVa3Gy,True
7J4gq1xNP3IsG6lDk0eSa7,True
3mYCd23hPxJW5okSvMoy3x,True
5P2CWpIzIsjU8gxIy5Jtx8,True
5qGwqO0lkbBXw4xNfzT7SF,True
2gANywSFYF58YFMPdDSAjC,True
2Ia3X1Njykhg2OhfHxarmy,True
2Fj2oah3ab05Oju8cY3Wj8,True
66gG8RzSA2sVQwME8e43wX,True
0u8ekDfiPVBsju2LBLvDvI,True
2JZfTvWWtpaE8NohqRXqFr,True
5439qJTu5mVH9aeriwp03u,True
1KtD0xaLAikgIt5tPbteZQ,True
0TVV2gFROJaB3kIZyCUvIY,True
53SqGkNJAYLss9AgbduTqQ,True
1BltsyC5W3SAABdxyrDXwi,True
1B75hgRqe7A4fwee3g3Wmu,True
1UHBcngfWo8hi3m003wZtX,True
6nzhhT57iQYrbqumru9NNP,True
1g1RLXmuXu7HpMA6gmiYve,True
0qi4b1l0eT3jpzeNHeFXDT,True
2oTDOIAdsxPTE7yAp4YOcv,True
1iaIEmZHrjGzWUmJ9BaFr6,True
3PsbsOcmyy1jTb51bgQB2l,True
46RVKt5Edm1zl0rXhPJZxz,True
5luETiur1vCxLMRLzNTeaU,True
6INLpBxo9F5QMer04VXEnd,True
0knqVSsgD7C8yu5yNmQFbA,True
1Hs085AOaoXrknVZExcE80,True
1KZVbkPnQYwaN5OeAHGa4P,True
11nv53N7ZnNTCgyl8yxvYd,True
7iL6o9tox1zgHpKUfh9vuC,True
5A6OHHy73AR5tLxgTc98zz,True
22iOO39QpOuEE9Igz2PxyG,True
64eMQ7f31JSd8b9H6HUvvN,True
26rdOwwjC2UnweK3xeS58u,True
73FebDuELlAEinHw1xWJCZ,True
2vW5tqS1EFel9yYOQ7WZmE,True
0E9ZjEAyAwOXZ7wJC0PD33,True
1A8j067qyiNwQnZT0bzUpZ,True
3KYOGt8IO6j8wptkG9THag,True
3NLnwwAQbbFKcEcV8hDItk,True
6cr6UDpkjEaMQ80OjWqEBQ,True
5sICkBXVmaCQk5aISGR3x1,True
7gSQv1OHpkIoAdUiRLdmI6,True
2HHtWyy5CgaQbC7XSoOb0e,True
6hTcuIQa0sxrrByu9wTD7s,True
3cfOd4CMv2snFaKAnMdnvK,True
14XWXWv5FoCbFzLksawpEe,True
0vLwL4xuJ3s7SeaCdvMqkY,True
3LUHtV6F7IHAOognkvcEKv,True
2Th42VycrWIKjhjIfur3xO,True
3tXzOcxvj5XAjwiTiRWUGP,True
7gzOdsRPD7z9blkrvlLKbX,True
1H6NscSNlknTI09CcC5tHp,True
7ddn2swf3epWYsTFKu4Lvx,True
2TAQ9YGehOKWDqDak5DuXc,True
4TmGtGkkmaoXRCvpOwDJoO,True
3wVa7BmpFhreBGraCvm9dn,True
6HNruFQlzQx4ulL4ppRLYI,True
6Pa1NQGHUceBVf0ygeC4wa,True
3Kw4KEYQg6JaqUD8ZgAwz6,True
11fNLqDB47gMKj7BHhR2Qr,True
4NFhtFE68cXUrfbne8JE2c,True
7z0JcZ8PQoAfUaLIXvbyTH,True
5EYWGM3Ns3iYew8ws0FatB,True
7Lf7oSEVdzZqTA0kEDSlS5,True
7jd2H8AwUYk4EbFzc6GO7o,True
1klqBqLXdUN6ilIhtOAYtm,True
2WAO1qTCK2SUef8c3GiXeF,True
4RdUpI3iTwqzCQe9ttKB5Q,True
1eN27pPLzE59zuFbY8SsiT,True
3AJwUDP919kvQ9QcozQPxg,True
0ZuR3LK4dFYYLjeF6tZC38,True
0VSdYNTKyZZZRYSHDVb4YQ,True
1eJc057oEcsXV43D2GiMjk,True
2easgxsXK5j6lNp63yZF7S,True
3Yr4gXagnFlMVGpMWAkOPa,True
5bmKzO8VaEhwYU4rVpZqgN,True
1Vej0qeQ3ioKwpI6FUbRv1,True
04Jk0uP8SbDHLyAKfRctNQ,True
68pN2UQYhwQgPy7VrCFKuV,True
0VxFKXvKLjYWU7oPPMwzuN,True
40NZobC8kyAi9RgVYS0Bn9,True
7clUVcSOtkNWa58Gw5RfD4,True
1pPxT2XRy40Z4pCXhgQU99,True
0RxWeRjUUQqGUxOYn5gniE,True
0ULPav7qqKTHn7vgi9v42k,True
3zKST4nk4QJE77oLjUZ0Ng,True
4z9Eob4C20jeb1LwLv2sCF,True
6zIkiZqUnSMsuRJ6acyJuD,True
3uCdOt70LDcVQCG8IKh9Ag,True
63t9x6MyYnZ9tYprnk6cty,True
4BL79Qie6r0TkXuNQLC8gQ,True
4HQ9gXAtONKs8NCM0MFUTu,True
000xQL6tZNLJzIrtIgxqSl,True
4cluDES4hQEUhmXj6TXkSo,True
6cpk00i5TxCqSeqNi2HuIe,True
3QGsuHI8jO1Rx4JWLUh9jd,True
1MyWtH2yavuP1AHUi1X7ur,True
2CPqh63wRVscbceKcPxwvv,True
4G2Hbfwvn3oH7LxxPXjjGn,True
6nxQdXa1uAL0rY72wPZu89,True
6FE2iI43OZnszFLuLtvvmg,True
3gdewACMIVMEWVbyb8O9sY,True
3SFXsFpeGmBTtQvKiwYMDA,True
6PypGyiu0Y2lCDBN1XZEnP,True
1gVgkQFOKa8Wc1HYsJtPdH,True
0ADZ5dmXhlfzjMw6lefoPl,True
2TVxnKdb3tqe1nhQWwwZCO,True
48q0vSHcJdhK3IiXH8C5WJ,True
7EbpUdQ4nQ5VnnFlZjvqYl,True
3UOrKWXdwUVtDglahh3OQj,True
6XDdmCAuodZfXtEgJcxpS2,True
695D3IeuIXeUHX2RUlnfQp,True
3XC7Jd6SfrQYKZJ6inyRHK,True
3Ib94mN8YF3cXZo5x1FpQL,True
3Y8WRvVlQHMvtBwaV4TGlJ,True
1SjWPrdNaHRfz6oML6ojI5,True
7fpBtc7p3hFrEbDVc32ltY,True
49aUxrufliNDGj7MTm7pNU,True
3YJx77Xx8JSwEoxqrkQO5c,True
3gsCAGsWr6pUm1Vy7CPPob,True
15Wwj9igGPkCXGY6IqLlPW,True
3CX3WMBg6lzWk72bYL29vP,True
7ukQvPuGUBZt88WveKBGAD,True
4urcG6Nfubqsuqy3juMjBi,True
3JvKfv6T31zO0ini8iNItO,True
3U4isOIWM3VvDubwSI3y7a,True
0weAUscowxeqDtpCgtbpgp,True
1ce3DvvGQn6hY2LMGMLCr5,True
1XvHiCTd0MDb16S8bQNl74,True
0IYlWIpSsxobpYlFz38VbJ,True
6uEmDZoJcc7Oqrute8BA2N,True
7p7wMn9I2LQJi76tjR5u9U,True
6l6Bi8A1aKe8K8jgdy1kiP,True
4kDBm0ZaWsUJl2mlFHnhxR,True
5s9sZ2i76iAZeFt5f9uUKP,True
4145QVCy92itIcnRQWsNq5,True
