track_id,track_name,artist_id,artist_name
3kZC0ZmFWrEHdUCmUqlvgZ,I Will Follow You into the Dark,0YrtvWJMgSdVrk3SfNjTbx,Death Cab for Cutie
1UBd7aWHZCz8yirI9KCvAU,"Becoming one of ""The People"" Becoming one with Neytiri",3PhL2Vdao2v8SS8AptuhAr,James Horner
50uGbeaQIxKiSc7jvRTjWx,(Sittin' On) the Dock of the Bay,60df5JBRRPcnSpsIMxxwQm,Otis Redding
4RnCPWlBsY7oUDdyruod7Y,Drunk,6eUKZXaKkcviH0Ku9w2n3V,Ed Sheeran
0rkajHs0Kcw73nFDlKmuBk,"Piano Sonata No.12 In F, K.332: 2. Adagio",4NJhFmfw43RLBLjQvxDuRS,Wolfgang Amadeus Mozart
6BivCuyKJtgLa9ooFsvUoZ,Flicker,3dz0NnIZhtKKeXZxLOxCam,Porter Robinson
3IGj5Ecom7OlhHQnQG73AZ,Give Me Back My Wig,5fsDcuclIe8ZiBD5P787K1,Stevie Ray Vaughan
6HvGBgyevPFMrU3KPSHeRV,She's Not Afraid,4AK6F7OLvEQ5QYCBNiQWHq,One Direction
2nVP9QNyvo0H1FoRkMAT9X,Boom Boom,1yNOfXGQNGjAynk77wv85x,John Lee Hooker
6vZdRrueM9ZEJjx6EWe1XQ,Stolen Dance,1hzfo8twXdOegF3xireCYs,Milky Chance
6ZFbXIJkuI1dVNWvzJzown,Time,0YC192cP3KPCRWx8zr8MfZ,Hans Zimmer
1OZSVl0JJ1MBzibpuhmmXb,One Day Like This,0TJB3EE2efClsYIDQ8V2Jk,Elbow
4HEoHSEH8cEYGJBzOgXqX3,"3 Pieces for piano, Op. 2: No. 1. Etude in C Sharp Minor",6nZiWg5ZB511S24WmB7TCV,Alexander Scriabin
1TCPTTMCbLlGWjiXSSrQWP,Gypsy Woman,4y6J8jwRAwO4dssiSmN91R,Muddy Waters
1amH1FjaNDAaZVpHWzcztW,Ain't No Sunshine,2gCsNOpiBaMNh20jQ5prf0,Buddy Guy
5oPUBUzrAnwvlmMzl1VW7Y,Breathe,4k1ELeJKT1ISyDv8JivPpB,The Prodigy
57460SJgSpCXaRJ9YIYHxy,Going Up The Country,27a0GiCba9K9lnkKidroFU,Canned Heat
35aNHKBZWXXbL9KQK7O5Nk,Hurricane,4XaUmUGjidSklcDHxv3XWf,MS MR
6VRhkROS2SZHGlp0pxndbJ,Bangarang (feat. Sirah),5he5w2lnU9x7JFhnwcekXX,Skrillex
6UO755OcSvOPVVZOaJVH7v,Sun Goes Down (feat. Jasmine Thompson) - Radio Mix,3t5xRXzsuZmMDkQzgOX35S,Robin Schulz
5YS9gUKBLEOBq0eVZl2klr,"From the Bohemian Forest, Op. 68, B. 182: No. 5, Silent Woods",6n7nd5iceYpXVwcx8VPpxF,Antonín Dvořák
0U0ldCRmgCqhVvD6ksG63j,Nightcall,0UF7XLthtbSF2Eur7559oV,Kavinsky
5NinL2jNwjeRpHwTFeRSv9,"Monteverdi: L'incoronazione di Poppea, SV 308, Act 3: ""Pur ti miro"" (Neron, Popea)",5iAhVgz6P8Nylxijb0C65v,Claudio Monteverdi
5dhQCqONiQji7k4RkhIcjq,I Miss You,6FBDaR13swtiWwGhX1WQsP,blink-182
72C7aUQECOhNtnD0AC36ua,They Don't Know About Us,4AK6F7OLvEQ5QYCBNiQWHq,One Direction
3R1IsSbZFNW4IVPC2Kfack,Bad Penny,1kcWyDvrlPUbyxkIoM6pAV,Rory Gallagher
7K2vo9oSUzFgmtIXNYegzP,Fire,11wRdbnoYqRddKBrpHt4Ue,Kasabian
2Ow0yMUSccQ4vmfq8pyCCF,Quatuor pour la fin du temps (Quartet for the End of Time) (2008 - Remaster): Louange à l'éternité de Jésus,6CS9O2pE67oq44GZuBEBuD,Olivier Messiaen
7h8Ud480Fm4ReUVxgFF9ZX,Rolling In The Deep,4dpARuHxo51G3z768sgnrY,Adele
0LFsHodEUTDEvoRlreOaRe,"Shake for Me - Live at Steamboat 1874, Austin, TX - April 1980",5fsDcuclIe8ZiBD5P787K1,Stevie Ray Vaughan
34Rt8Ti2OAsA8s39rLgyML,Love Is The Drug,3fhOTtm0LBJ3Ojn4hIljLo,Roxy Music
6c8QH9FMFKj0ZgNeiyOx4v,Over My Head (Cable Car),0zOcE3mg9nS6l3yxt1Y0bK,The Fray
6OGRM4MAOlyOdhHuX0OJ6P,A New Error,2exkZbmNqMKnT8LRWuxWgy,Moderat
54gdzag84r3ZHHsWNF0PQT,Happy Hour,77D38RDgCtlYNLpayStftL,The Housemartins
6m9aTQU6eMX3ZXzCV3PRKk,Sweet Little Angel,5xLSa7l4IV1gsQfhAMvl0U,B.B. King
6s8p6XGuMzigh8GFfwkFq6,Still A Fool,4y6J8jwRAwO4dssiSmN91R,Muddy Waters
4UJt3Ipg45AqLdaSvejmNg,The Fear,13saZpZnCDWOI9D4IJhp1f,Lily Allen
2ED1VZ53iRImo252U2PEsu,Miserere,4I47QTluHCo2t2Gj6V7AIG,Gregorio Allegri
5grzlt83cKal2JPOiGeeuv,Brigg Fair,65YhYi4Fz5Ibgq7ueev2Rm,Frederick Delius
6HGzj1FMXVBAi2AtBCbhCQ,"Serenade in E Major for Strings, Op. 22: II. Menuetto",6n7nd5iceYpXVwcx8VPpxF,Antonín Dvořák
2QhURnm7mQDxBb5jWkbDug,Don't Panic,4gzpq5DPGxSnKTe4SA8HAU,Coldplay
5a0kmXboO0YnA8TAA7pYSm,Water from the Same Source,0sXLPUQAB1hir58hoQnxZa,Rachel's
4dyx5SzxPPaD8xQIid5Wjj,Young Folks,6u11Qbko2N2hP4lTBYjX86,Peter Bjorn and John
0I2kwvXCLolYQ4nZQcF6EQ,Sleeping Lotus,2VKfXEWzhUi9siHBDTI02Y,Joep Beving
7nqlRkgNyEpb9nvb03GMp7,Price Tag,2gsggkzM5R49q6jpPvazou,Jessie J
19OUs1NzU15Fe3oSIeTuyG,Club Foot,11wRdbnoYqRddKBrpHt4Ue,Kasabian
1L94M3KIu7QluZe63g64rv,Alive,1w5Kfo2jwwIPruYS2UWh56,Pearl Jam
0wLqXnCLseMice1Hwq6yLz,Si No Te Quisiera,1ackd5XprZEkH3McKbQD51,Juan Magán
3LkhowDvQ0ky3LQ5L6TLFk,Got My Mojo Working - Live,4y6J8jwRAwO4dssiSmN91R,Muddy Waters
1tsOB58QHINgc2FEJylsLP,Foxey Lady,776Uo845nYHJpNaStv1Ds4,Jimi Hendrix
5WSL7UTa38jMWoBzObD4BD,I Can't Stop,7muzHifhMdnfN1xncRLOqk,Flux Pavilion
56KqaFSGTb7ifpt16t5Y1N,Rock the Casbah - Remastered,3RGLhK1IP9jnYFH4BRFJBS,The Clash
0eG5CqXwJpa5MBjYyg1lRm,Slide,2sil8z5kiy4r76CRTXxBCA,The Goo Goo Dolls
0lqNstW27BvhHXn6sqyQhX,What Is Love,0Suv0tRrNrUlRzAy8aXjma,Haddaway
4ryCsPW9l4Am2aKYiJuZnJ,Back Door Man,0Wxy5Qka8BN9crcFkiAxSR,Howlin' Wolf
3sdrzlJmVJxQTC5gtfs4M4,"Cello Suite No. 5 in C Minor, BWV 1011: II. Allemande",5aIqB5nVVvmFsvSdExz408,Johann Sebastian Bach
11Ry5uMLuZsCnSq0yZoyXS,Rock Me,4y6J8jwRAwO4dssiSmN91R,Muddy Waters
37KWuFlX1Huz0kNzciHcAm,Crossroads - Live,74oJ4qxwOZvX6oSsu1DGnw,Cream
1jEtdpOF6uyPQbRv2UOnkJ,Revolution (feat. Faustix & Imanos and Kai),5fMUXHkw8R8eOP2RNVYEZX,Diplo
5CMjjywI0eZMixPeqNd75R,Lose Yourself to Dance (feat. Pharrell Williams),4tZwfgrHOc3mvqYlEYSvVi,Daft Punk
6gGSSrKMiV2yec1DrqGhhy,Always Where I Need To Be,1GLtl8uqKmnyCWxHmw9tL4,The Kooks
6pCc5a0y7MUhfdMWTdiPhN,Carmen Suite No. 2: III. Nocturne,2D7RkvtKKb6E5UmbjQM1Jd,Georges Bizet
7KATU5SV5dNmETSDLbJmZc,Jeremy,1w5Kfo2jwwIPruYS2UWh56,Pearl Jam
1BXO5XG7ctHzjzpRRKlWZd,Start Me Up - Remastered,22bE4uQ6baNwSHPVcDxLCe,The Rolling Stones
0VxFKXvKLjYWU7oPPMwzuN,Somewhere Only We Know,53A0W3U0s8diEn9RhXQhVz,Keane
0ygAYQQy7bfDN6gH640bbl,Wake Me Up,6eUKZXaKkcviH0Ku9w2n3V,Ed Sheeran
2Foc5Q5nqNiosCNqttzHof,Get Lucky (feat. Pharrell Williams & Nile Rodgers) - Radio Edit,4tZwfgrHOc3mvqYlEYSvVi,Daft Punk
4lY95OMGb9WxP6IYut64ir,Shake It Out,1moxjboGR7GNWYIMWsRjgG,Florence + The Machine
10W125nMbncRGcXRBoACOx,Come On In My Kitchen,0f8MDDzIc6M4uH1xH0o0gy,Robert Johnson
4CayREZylZ5ij94y1v0zlc,Ten Long Years,6PAt558ZEZl0DmdXlnjMgD,Eric Clapton
59XmHUquo2SrCkiopxQBed,Ruby Tuesday,22bE4uQ6baNwSHPVcDxLCe,The Rolling Stones
6mo6D7Jh6guYnbcq7wZVlg,Pictures At An Exhibition: Promenade - 1,284mnx33IWcymQEpMxyfHl,Modest Mussorgsky
6lXeiMvUgvlyI7dQKmvIKR,I'm A Man - Single Version,2bmixwMZXlkl2sbIbOfviq,Bo Diddley
4rwpZEcnalkuhPyGkEdhu0,Scary Monsters and Nice Sprites,5he5w2lnU9x7JFhnwcekXX,Skrillex
4VSRpqVJn9dnBRMX342il4,Don't Answer The Door,5xLSa7l4IV1gsQfhAMvl0U,B.B. King
1sn6iOK93jnp0Hn5BnNOXy,Best of You,7jy3rLJdDQY21OgRLCZ9sD,Foo Fighters
2iv5pogsl0N4FrXgMbuNLf,Lucky Man - Remastered,2cGwlqi3k18jFpUyTrsR84,The Verve
6t6oULCRS6hnI7rm0h5gwl,Some Nights,5nCi3BB41mBaMH9gfr6Su0,fun.
7Dy1LOaEeuYOEe5k17T3Rh,China Girl - 2002 Remaster,0oSGxfWSnnOXhD2fKuz2Gy,David Bowie
4hf4tcEZy6LIh83wksUgWn,Baby Please Don’t Go,4y6J8jwRAwO4dssiSmN91R,Muddy Waters
4zmx3vEPgRPjRT2CszUsZo,White Wedding - Part 1 - 2001- Remaster,7lzordPuZEXxwt9aoVZYmG,Billy Idol
7LJF6AtijSniUJpmZTqKRj,Kill Your Heroes,4njdEjTnLfcGImKZu1iSrz,AWOLNATION
61YBRFNUlyHCAye1hdSumg,Ain't Gone 'N' Give up on Love,5fsDcuclIe8ZiBD5P787K1,Stevie Ray Vaughan
4BYGxv4rxSNcTgT3DsFB9o,Purple Haze,776Uo845nYHJpNaStv1Ds4,Jimi Hendrix
4z1O25cq9g2kuJemmUxc21,Small Bump,6eUKZXaKkcviH0Ku9w2n3V,Ed Sheeran
3m6KkYKdnbffMpGd9Pm9FP,Seven Nation Army,4F84IBURUo98rz4r61KF70,The White Stripes
5pg9vSNAOFLtyZpUU42cBo,Warsaw Concerto,06LiIUiAEMBc6yLMXn2aEV,Richard Addinsell
0rXcAvuQdrQakSPhIOZ6f8,The Sky Is Crying - 1984 Version,5fsDcuclIe8ZiBD5P787K1,Stevie Ray Vaughan
3DDxYAT7Nuj0tfkHICWYi3,Crying for No Reason,5EUdiv20t58GCS09VMKk7M,Katy B
53KU8BrYZuxZOb3jqDm4ix,"Serenade In G Major ""Eine Kleine Nachtmusik"", K. 525: I. Allegro",4NJhFmfw43RLBLjQvxDuRS,Wolfgang Amadeus Mozart
3PmtL3TjmNIQ3AejB7HCk8,Never Say Never,4YrKBkKSVeqDamzBPWVnSJ,Basement Jaxx
4MD2TR2OF1Ruiaiiy1Rr37,I'm Into Something Good,48YxSlb23RAaCd4RyHcV9V,Herman's Hermits
1KqlVt63Q4bl1VdSlymr5C,Riptide,10exVja0key0uqUkk6LJRT,Vance Joy
2fiLNDU98eUDqDSiCadnoz,I'm a Steady Rollin' Man,0f8MDDzIc6M4uH1xH0o0gy,Robert Johnson
0SuG9kyzGRpDqrCWtgD6Lq,Give Me Love,6eUKZXaKkcviH0Ku9w2n3V,Ed Sheeran
457p7UH7hoHrbA2iI4PSCA,Live for the Night,0Cd6nHYwecCNM1sVEXKlYr,Krewella
1A5V1sxyCLpKJezp75tUXn,Closing Time,1TqQi97nqeiuOJrIFv5Sw0,Semisonic
3LNsyHdo8MWl4mqbkzAvKh,"Piano Concerto in A Minor, Op. 7: II. Romanze: Andante non troppo con grazia",2yzaWNFV3cxmcRZtwtr5WC,Clara Schumann
1UmededMXwZfUFK1ooRxpv,Flying Spaghetti Monster,0tgjwsn1Lpjj8kKEvWm0KQ,Doctor P
3E0x3O89ERTpDDEjc7O9U1,All Time Chump,5sy77gt4bfsLcSQ8GIe4ZZ,Alan Menken
333w2F8EjasjzzPOoi2lOe,Okie From Muskogee,2ptmyXoL7poH6Zq62h1QT9,Merle Haggard
4gwF1NiLbZl2uKJDS3AX9O,Beats Knockin (feat. Fly Boi Keno),1HxJeLhIuegM3KgvPn8sTa,Jack Ü
5MhqNNZnkamSpD55bx7r6n,Like a Boss,4dvZ0abeUaiHm7Fu9Gj0PQ,Eptic
7yQMZQeiSKnvEgimeGPVhi,I Can Still Make Cheyenne,5vngPClqofybhPERIqQMYd,George Strait
5Fxizz8oqR40JA4kLh79Ot,Chevrolet DJ,1mfDfLsMxYcOOZkzBxvSVW,Cole Swindell
5OJ8hNTKYU2dCvdgnOarLU,Cracks Feat. Belle Humble (Flux Pavilion Rmx),0zg9mF9dX2knvdTKnL22T1,Freestylers
6NfT2FcVntlWaYV7HRmID6,Werewolf - VIP Edit,5mADpqv2E8KIHDmEhH7wmr,Figure
2sNvitW3TxiTeC9xT9f2ZZ,Firestone,23fqKkggKUBHNkbKtXEls4,Kygo
6JmI8SpUHoQ4yveHLjTrko,Take Your Time (Do It Right),6pXCjxMOBcWtvULYkFPVW6,The S.O.S Band
609qKv3KPAbdtp0LQH2buA,I'll Name the Dogs,1UTPBmNbXNTittyMJrNkvw,Blake Shelton
081prZUECLXcWgmg98FxDS,Knock On Wood,7GPNaPWw3STF8NYp39pd8G,Amii Stewart
5iI1EQlyyo8FzkdT7XnTd7,The Court of Miracles,6M3XR163Q68THc9IFMwfAH,Paul Kandel
2ErAwXXUgBGLXwm4IgZRQv,Sexual Healing - Kygo Radio Edit,3koiLjNrgRTNbOwViDipeA,Marvin Gaye
1tsWNtWxi7SVydMm2G1W6Z,If I Can't Have You - 2007 Remastered Version Saturday Night Fever,2d6JU9LvNhZR7AAtu4x2rS,Yvonne Elliman
7fCYf72AG7AdiEWv3wa0jV,There’s A Girl,1YSoHvvSAY0oOJW7VxJx3M,Trent Harmon
0ZvLrvwzp0nBkfmtzL7XO1,Relight My Fire - Single Version,1HvcqyRLS9nF8hAbTWOqpr,Dan Hartman
5VWVVSABdgccboSdrKGiZH,Fortune Days,3a9qv6NLHnsVxJUtKOMHvD,The Glitch Mob
5o6sSAGtypSJgErN0IOKYm,New year's day,1VGRi6hlsYcOhKut02Tqkt,Charlie Robison
5JlH51YDYsGj2dyEJKKjcN,Alright,7FY5V3XMwlNBPitEjXowHQ,Darius Rucker
4FXj4ZKMO2dSkqiAhV7L8t,Evil Beauty,4kjWnaLfIRcLJ1Dy4Wr6tY,Blackmill
0oOxvJK76K0439kSZFcE22,Firepower,48q2mPVwlKnlSaCx07i6Ta,Datsik
7kllQQPam6HumbUCIPSvHJ,T.S.O.P. (The Sound of Philadelphia) (feat. The Three Degrees),2mknvtcck8i82nKxDPDibv,MFSB
698eQRku24PIYPQPHItKlA,She Got the Best of Me,718COspgdWOnwOFpJHRZHS,Luke Combs
52MNypbTWiwybwzhXvsPk5,Love You Too Late,1mfDfLsMxYcOOZkzBxvSVW,Cole Swindell
0nYeRpGjoxuUil44YsU8ir,Bird Machine,540vIaP2JwjQb9dm3aArA4,DJ Snake
50PU05RTGva8laKDwxED9Y,Louisiana Saturday Night,1fMdO9vLUd6wW4jbMeNiup,Mel McDaniel
5dDLa2HhSwqoQUULN4Llsd,The Hun's Attack,7t8q7ikEtcPNtoaKAm9Vu6,Jerry Goldsmith
1F8biBtTeJiROv4f8wuT2E,Bang It To The Curb,698hF4vcwHwPy8ltmXermq,Far East Movement
4eUMbFJ6l8UogwBENovA4v,Chasing Time,0daugAjUgbJSqdlyYNwIbT,Vicetone
14fmbvjYLqRZEXz1VZdM2M,We Found Love,5pKCCKE2ajJHZ9KAiaK11H,Rihanna
1JOcchR4R5oAAwYXUmXxN0,Instinct,04EClrOlfqnBEIvWbzS9H8,BB Diamond
1ZFdXzBLNeAG3VotbwFo7r,Louder (feat. Sian Evans) - Doctor P & Flux Pavillion Remix,6r20qOqY7qDWI0PPTxVMlC,DJ Fresh
4At8zIlntcZaPorwdI69km,Boogie Wonderland (with The Emotions),4QQgXkCYTt3BlENzhyNETg,"Earth, Wind & Fire"
7LcfRTgAVTs5pQGEQgUEzN,"Moves Like Jagger - Studio Recording From ""The Voice"" Performance",04gDigrS5kc9YWfZHwBETP,Maroon 5
3LmpQiFNgFCnvAnhhvKUyI,Stayin' Alive - Remastered Version,1LZEQNv7sE11VDY3SdxQeN,Bee Gees
34CX8cfwtm5hMJmWXCyEIE,Whistle While You Work - Soundtrack,6AbQqiXLNLzvJSqq2383bZ,Adriana Caselotti
48tAdjG4ng2JfECa7OQujk,The Weekend,5q8HGNo0BjLWaTAhRtbwxa,Brantley Gilbert
7723JnKU2R15Iv4T7OJrly,Funky Town,0lwRI7lvmlRY5DiA5Xa6wQ,Lipps Inc.
0KL7GdKXJWK2jQJyreA5Un,Giving It All,4qobOrZpdUri80gScwsHfs,Bondax
4vS8VaBwJJV5Ry7UFIQuoo,Lean On (feat. MØ & DJ Snake),738wLrAtLtCtFOLvQBXOXp,Major Lazer
40RFNnTV6CAounCsx56TZ2,Gunpoint - Edit,0lLY20XpZ9yDobkbHI7u1y,Pegboard Nerds
1WzAeadSKJhqykZFbJNmQv,Your Man,7vCtweS8UVAXTyau2j0rDT,Josh Turner
4CLPNURPcKztF9RRdcWLGP,Follow Your Arrow,70kkdajctXSbqSMJbQO424,Kacey Musgraves
0RFgvrhkf9FiDRLA0BhzpZ,Drift Away,2DnqqkzzDKm3vAoyHtn8So,Uncle Kracker
2AILbz83cBnrAMAG06rZts,Reflection,1GlMjIezcLwV3OFlX0uXOv,Lea Salonga
1LV5G400jD3Ytvyv6Dlkym,Right In,5he5w2lnU9x7JFhnwcekXX,Skrillex
5wKVFoSD7ppsjTvsniDGes,Bang That,6nS5roXSAGhTGr34W6n7Et,Disclosure
6dW7L3I9rUBPJoqGlKSAOS,GAMMA GAMMA - Brillz Remix,521qvhdobR0GzhvU6TFw76,Tritonal
3vvqdgexav0LuAvb3eihwD,Bassmentality,67qogtRNI0GjUr8PlaG6Zh,Zeds Dead
5Sm1pRkVPXKCp4QBxKAWqv,Estragando O Acampamento (Trashing The Camp),1Wu4CYOG3sOZrcvSqfMiQ2,Gabriela Teissier
5W9OWL9fs1FnTVuVJpjOV4,Decisions,7u160I5qtBYZTQMLEIJmyz,Borgore
0Ij05JKffxZRYky7FGfFyI,Get Down On It,3VNITwohbvU5Wuy5PC6dsI,Kool & The Gang
6w1hZMlo2SVuq29liebhb8,Poker Face,1HY2Jd0NmPuamShAr6KMms,Lady Gaga
619bJQ9uDi8dnXzLebFI7y,When Love Takes Over (feat. Kelly Rowland),1Cs0zKBU1kc0i8ypK3B9ai,David Guetta
6RVevoPzbGygqvm6LxHAuf,Hot Stuff,2eogQKWWoohI3BSnoG7E2U,Donna Summer
6UtB0ezZwMneQIfLJ1Yzc1,I've Been Meaning to Call,17ewtqMhsRUPRdhpYLzMxg,Adam Sanders
3qmaExOi8Ujx1s6ylv5kCX,You Were Right,5Pb27ujIyYb33zBqVysBkj,RÜFÜS DU SOL
2HrJiUANXc5PK8DYmPgMBT,Marketplace,5sy77gt4bfsLcSQ8GIe4ZZ,Alan Menken
1haQRuZnoggW6U6l5jFIj9,Reflection - Pop Version,1l7ZsJRRS8wlW3WfJfPfNS,Christina Aguilera
7IoKA8yRibsK8Ryy4SH2NL,I Love Music,38h03gA85YYPeDPd9ER9rT,The O'Jays
1tJtx09XQnxaynZLOaTNfZ,Car Wash,1OxJzMLmR9l5zPLap9OxuO,Rose Royce
1k7Vaz8njTPyofg7I9VKvh,Can’t Get Enough Of Your Love Babe,3rfgbfpPSfXY40lzRK7Syt,Barry White
3XThyUoEI8BPDjdu954Uof,All Is Fair in Love and Brostep,5he5w2lnU9x7JFhnwcekXX,Skrillex
5unfeZUhKhICP73CDYBW4N,Call Me Maybe,6sFIWsNpZYqfjUpaCgueju,Carly Rae Jepsen
1gIKd24bixkgYzuxse32oR,How Deep Is Your Love (2007 Remastered Saturday Night Fever LP Version),1LZEQNv7sE11VDY3SdxQeN,Bee Gees
26Cp8dnAmqRY6od1ZYQp6r,Finally Friday,2OpqcUtj10HHvGG6h9VYC5,George Jones
7FwsJLYnRNboaN7suQQePz,I.D.G.A.F.O.S.,5R3Hr2cnCCjt220Jmt2xLf,Dillon Francis
1mwt9hzaH7idmC5UCoOUkz,Diamonds,5pKCCKE2ajJHZ9KAiaK11H,Rihanna
0ElpjZyX8YBiXuYcDC1Ci9,19 Somethin' - Greatest Hits Version,0dlwjJe4kg9TgOMN184bJF,Mark Wills
7yYWlhU8uy27bLV6gxPcFD,Goodbye Says It All,4mOt6H7OnuqLnQrm1Bboc6,BlackHawk
6DX92TuMqOKe0h9vLJIPeg,Give It To Me Baby,0FrpdcVlJQqibaz5HfBUrL,Rick James
28hwfx6WVMQoOCHMvD2IMJ,Archangel,0uCCBpmg6MrPb1KY2msceF,Burial
3BoaBZQsCU12IEEJeficPS,A Guy Like You,4hUIm8L2yBg7Ba4qp9qdk9,Charles Kimbrough
4cluDES4hQEUhmXj6TXkSo,What Makes You Beautiful,4AK6F7OLvEQ5QYCBNiQWHq,One Direction
3Hepksq7EjajtMS3VA9qIN,STREET,76M2Ekj8bG8W7X2nbx2CpF,NGHTMRE
6J56LY7Gbht6At3hv8HA5E,You Are the Music in Me,6zTbBugfNc95zo8ClFDhIn,Troy
4aSFlFgOefeVIKkW2NyMPl,Wish You Were Mine - Radio Edit,0Q9slhIaEgg190iG8udYIV,Philip George
1DcwvDcBKeATLX85CKbHFM,Fire Hive,2DuJi13MWHjRHrqRUwk8vH,Knife Party
7GH8qNOm2gEKryVUyVzkmt,Delta Dawn,7dmeVSH4lJqxXU7C87dKIB,Tanya Tucker
2SdlDofWM5vqkM0FMnjcvS,Party For Two - Country Version With Intro,5e4Dhzv426EvQe3aDb64jL,Shania Twain
1R2SZUOGJqqBiLuvwKOT2Y,Gangnam Style (강남스타일),2dd5mrQZvg6SmahdgVKDzh,PSY
1F5YhpXlaJwwVCfg0Px1ta,"Puppet Theatre (feat. Peter, Bjorn and John)",4mncDFjVLUa3s025Tct3Ry,Claptone
2uKpzT2E2gid82Tka9xK4n,The Way I Talk,4oUHIQIBe0LHzYfvXNW4QM,Morgan Wallen
1RLT391KHFFJwbDb7y3eyd,Better in Boots,3vHV92ecrylnUHDM4d2MtC,Tyler Farr
46lFttIf5hnUZMGvjK0Wxo,Runaway (U & I),4sTQVOfp9vEMCemLw50sbu,Galantis
6ea4cXf4g8ROk0PvIXoZBB,Trust - Mia Dora Remix,1xKryNto8SDKl2E6lBs23J,Romanthony
4IRFNQdOQB5WZZC61zYCd8,Wit Me Dub,67qogtRNI0GjUr8PlaG6Zh,Zeds Dead
7B6m8tHAYZsOKOKMU5SR2n,Take A Back Road,2qgvmDsc4jrqbAbjq1HGM2,Rodney Atkins
2bAmuf7gFx5ziCMcGYjw2v,Ffun,2hUkfSXyuDfQbUeNOShRiz,Con Funk Shun
0P3cVbJgOaetvPsakoEAnM,Swing On This,64tNsm6TnZe2zpcMVMOoHL,Alice In Chains
1p1nO35bbi4ZlQgjIA4oa4,The Kill (Bury Me),0RqtSIYZmd4fiBKVFqyIqD,Thirty Seconds To Mars
1yKAqZoi8xWGLCf5vajroL,The Ghost of You,7FBcuc1gsnv6Y1nwFtNRCb,My Chemical Romance
70IzgjmGvdFgHJORCRWFHv,Can't Be Saved,591yCCsZCLXvaJ0Rg38vLZ,Senses Fail
2TrNXQBxFEv7xqeOaJwPyS,Hot Damn! (feat. John McCallum),5teuZRCtxzfuYW98XOwtxu,The Haggis Horns
2xwedMsRwKEtLos3oN5pt9,Reunion,63MQldklfxkjYDoUE4Tppz,M83
359krpyCKcFF8SFvqWES9L,Wagon Wheel,4DBi4EYXgiqbkxvWUXUzMi,Old Crow Medicine Show
5BNxLlPzaAyGKj09vSbZC3,Atlas Hands,7D5oTJSXSHf51auG0106CQ,Benjamin Francis Leftwich
6XDdmCAuodZfXtEgJcxpS2,Heart of Gold,6v8FB84lnmJs434UJf2Mrm,Neil Young
363OW0OpNxHRPMCJXQ9Ymo,Daughter's Lament,6H8Sj9gFyDYJ3T63LA3DKz,Carolina Chocolate Drops
5TLA7O0ogTqwZHbS3ERabw,Blow Up The Outside World,5xUf6j4upBrXZPg6AI4MRK,Soundgarden
2Foc5Q5nqNiosCNqttzHof,Get Lucky (feat. Pharrell Williams & Nile Rodgers) - Radio Edit,4tZwfgrHOc3mvqYlEYSvVi,Daft Punk
2soeSOXg6lO7NA1crYT78x,Weightless,46gyXjRIvN1NL1eCB8GBxo,All Time Low
5fuilHPCSViseXRrKMEFns,Confusion,64tNsm6TnZe2zpcMVMOoHL,Alice In Chains
6eMt3uzx0GCzWPgEawsyeu,It's All in Sound,6vcPgFOkMWBoY6Ks6eMEWj,Bullion
1UmededMXwZfUFK1ooRxpv,Flying Spaghetti Monster,0tgjwsn1Lpjj8kKEvWm0KQ,Doctor P
1E2PoZuAm8OVEyIzT2SAvD,Knockin' em Down (Feat. Bruce Briney & Kurt Kupcho),3afwdwY97SMtIdnUsPTpQT,Phat Phunktion
14epucTZd8dLIYipdByNZS,Antidote - Extended,1h6Cn3P4NGzXbaXidqURXs,Swedish House Mafia
7cITfGsdjGaTP0b5oiLL0z,You're Not Alone,1NUOfvAhA9AvsF1ISMkgHX,Saosin
2t1GXDL9HlBWotqFar6UxP,Battles,4DX2G1URzfEiRg2wBfv4ub,Hudson Taylor
1nFtiJxYdhtFfFtfXBv06s,Something In The Way,6olE6TJLqED3rqDCT0FyPh,Nirvana
7BzhqmRj3iOZXqMHqiifHr,Heartbeats,6xrCU6zdcSTsG2hLrojpmI,José González
5nRRklOTvmgf8H3B9DrfYP,Big Empty,2UazAtjfzqBF0Nho2awK4z,Stone Temple Pilots
69kOkLUCkxIZYexIgSG8rq,Get Lucky (feat. Pharrell Williams & Nile Rodgers),4tZwfgrHOc3mvqYlEYSvVi,Daft Punk
01cY7Cc7t5zPB64uj8NGxz,The Boxer,70cRZdQywnSFp9pnc2WTCE,Simon & Garfunkel
4WmyD4YajchaLg8vVP332D,Cold Act Ill - Wolfgang Gartner Monster Mix,0vUTfcBDZZo2OUQJci5UNZ,Classixx
6kzi5LTg5uECin8pC34nxV,Montezuma,4EVpmkEwrLYEg6jIsiPMIb,Fleet Foxes
4RAOI1etsgbh5NP3T5R8rN,I Don't Love You,7FBcuc1gsnv6Y1nwFtNRCb,My Chemical Romance
43NhiKnrtGqztxDqXrcUux,Adam's Song,6FBDaR13swtiWwGhX1WQsP,blink-182
1xdZeRTNLrVXRmGOWqdXmr,Hopeless Wanderer,3gd8FJtBJtkRxdfbTu19U2,Mumford & Sons
36vT3fiM2W5pDLk679bb2E,Love Thine Enemy,2iUVQjheBnvOt8vaBrxXJz,Cass McCombs
3ZUMC5OazTA8QtLpdlPdz9,Sleepyhead,7gjAu1qr5C2grXeQFFOGeh,Passion Pit
56zGhoVjHxTQTEn1udEOCb,Fight the Power - Pt. 1 & 2,53QzNeFpzAaXYnrDBbDrIp,The Isley Brothers
6SLHenZf92A605uJP5dURV,Pick Up On Your Line,3btloSh9XNNgniuk85Z6x0,Jurassik Funk
2eJyQI0nr69AtxHsXf5wZj,The Mixed Tape,42aeGx2I3uXINpGqC8L0LD,Jack's Mannequin
2k7ysbG2zy03fCZOax5HjJ,The Cisco Kid,3ICyfoySNDZqtBVmaBT84I,War
63OitVF8FEGoV2yEPvBxsu,Truth,0QrowybipCKUDnq5y10PD2,Amos Lee
6Pb0WHqmmTL308Z2uQrNP1,Slippery When Wet,6twIAGnYuIT1pncMAsXnEm,Commodores
3vtndp1juzqgWOe4rQIP9V,High Time,7saBzqUvDSqREDUUWkl0rO,Ole Børud
0oZ0arTyOThWaVY9TW4gLk,Play Crack the Sky,168dgYui7ExaU612eooDF1,Brand New
0Zbm5CKG9HHT9bwgvFc0qI,Decode - Twilight Soundtrack Version,74XFHRwlV6OrjEM0A2NCMF,Paramore
1pKYYY0dkg23sQQXi0Q5zN,Around the World,4tZwfgrHOc3mvqYlEYSvVi,Daft Punk
0mLAgHQP1BOkoHhDu622BQ,Get Down On It,3VNITwohbvU5Wuy5PC6dsI,Kool & The Gang
7KATU5SV5dNmETSDLbJmZc,Jeremy,1w5Kfo2jwwIPruYS2UWh56,Pearl Jam
0W7AbEauB7cP4pidLclApe,Hunger Strike,0iHb0mCbqZTYeb4y9Pirrd,Temple Of The Dog
0nkZmqmEJOMuezTZ8N20nY,East Harlem,6pmxr66tMAePxzOLfjGNcX,Beirut
7BeavIE5PoHuo4sbDKAMhF,Ready,0ygIgsjUzKivFgxgjQ9iV9,Jacques Greene
1S30kHvkkdMkcuCTGSgS41,Nine in the Afternoon - Single Mix,20JZFwl6HVl6yg8a4H3ZqK,Panic! At The Disco
3ly0wJa1lUtpIWHZxymVyX,Pieces,0qT79UgT5tY4yudH9VfsdT,Sum 41
0FMa6advbZpCJdpwEBMoIo,Venice,6ls5A8Wys9Swixpz4v6kj3,The Lighthouse And The Whaler
5lDriBxJd22IhOH9zTcFrV,Dirty Little Secret,3vAaWhdBR38Q02ohXqaNHT,The All-American Rejects
62pLaub2aM1TJD1BMijfvt,Creature Fear,4LEiUm1SRbFMgfqnQTwUbQ,Bon Iver
5sTVykpRs4eiZKn96bZogj,The Feel Good Drag,5v61OSg53KaQxGMpErkBNp,Anberlin
265zTxhHLziu6TdRTF403G,In The Midnight,099toTcKJoywTosZr2hHjy,Langhorne Slim
7LMPi59eyqUq87cle1hiU2,It's All Okay,4gZRt9wlRx1IsxT9glJdrc,Julia Stone
7AYoXqCtME90flUOpBJM7i,Society,0mXTJETA4XUa12MmmXxZJh,Eddie Vedder
1iNeZGJsoC0D7ZyJTdIbDS,Technologic,4tZwfgrHOc3mvqYlEYSvVi,Daft Punk
3dxCV6LSF1eGsRa4RZIriP,I Will Play My Game Beneath the Spin Light,168dgYui7ExaU612eooDF1,Brand New
5lHgBqh9VwAAzQma55gHRY,Elderly Woman Behind the Counter in a Small Town - Remastered,1w5Kfo2jwwIPruYS2UWh56,Pearl Jam
5r35Zd5Onw3aV3Gm9XdgtI,Come As You Are,6olE6TJLqED3rqDCT0FyPh,Nirvana
4EBisBBehGON4ESJsNZBsP,Wildcat,57dN52uHvrHOxijzpIgu3E,Ratatat
60VMAtQ7lv05jq5M476S1p,Ghosts That We Knew,3gd8FJtBJtkRxdfbTu19U2,Mumford & Sons
6J7cSyvSCnPwv3vqHchEfL,If It Means a Lot to You,4NiJW4q9ichVqL1aUsgGAN,A Day To Remember
5g1gAVk9YsWjJHBya5zM77,Shame In You,64tNsm6TnZe2zpcMVMOoHL,Alice In Chains
3IcGfl8jVOapoWGRV9QP3u,"A Little Less Sixteen Candles, A Little More ""Touch Me""",4UXqAaa6dQYAk18Lv7PEgX,Fall Out Boy
01gDLZsi0j5fWC28FLPNO8,Move on Up - Extended Version,2AV6XDIs32ofIJhkkDevjm,Curtis Mayfield
4PnGUf4Z8cnVyojRvOZcg0,Smile In Your Sleep,1Tsag5J854qxeOo2apszug,Silverstein
2xa35aj67lT8L4teMR64XK,He Doesn't Know Why,4EVpmkEwrLYEg6jIsiPMIb,Fleet Foxes
4Gg7js0Xz6yvnTc3QkWkTu,Shake Your Rump To The Funk,0Z4CzYz9ieK8q9XiVMPkW5,The Bar-Kays
79oQb66jALYYKX1hn4qs4p,I Slept With Someone In Fall Out Boy And All I Got Was This Stupid Song Written About Me,4UXqAaa6dQYAk18Lv7PEgX,Fall Out Boy
47r2YKldN36ykegWkciO0E,Doomsday,4uRYpUQZrNrY5t8tAv3XrD,NERO
1L94M3KIu7QluZe63g64rv,Alive,1w5Kfo2jwwIPruYS2UWh56,Pearl Jam
2INsiycUgobLSy4ksO4MzK,Paint The Toon (feat. Connie Lush),7k5NMuaLXe6SFdklcTWvXl,6ix Toys
2JGSZk5y65ZF79mtDz0o9r,Polish Girl,0KydPQPUUoTNhmiHKOg5Er,Neon Indian
4jVhSbMMHctghoOTFuLPB2,"Swing, Swing",3vAaWhdBR38Q02ohXqaNHT,The All-American Rejects
0XmWQpocZOllyFxUSghTDk,Emily,5n71fmAB8Un2IfAPn64erN,From First To Last
4BVafpObsAeP2ZzrGhOBvq,Monotony,58CUVLn2xm7I9iFg97t9XC,Willis Earl Beal
2A7ZZ1tjaluKYMlT3ItSfN,Witchcraft,7MqnCTCAX6SsIYYdJCQj9B,Pendulum
63UMWpmPmeRMBHcUhbWsDZ,Black Water,7HeVXdOdMhLslVputGTZFQ,Timber Timbre
2SHnUyZq0zwmvRIl4WY77G,Alive,0Cd6nHYwecCNM1sVEXKlYr,Krewella
7CEV9VwA8XO9wwxTXgYKvY,I And Love And You,196lKsA13K3keVXMDFK66q,The Avett Brothers
0SnpZEgj2yOQlWu5k13Guz,Can''t Fight The Funk,00CEG7nPO88zFNuFL2Rz1L,Doctorfunk
14fmbvjYLqRZEXz1VZdM2M,We Found Love,5pKCCKE2ajJHZ9KAiaK11H,Rihanna
4oI2qtjY1QHJ7NpYuid5KB,Your Decision,64tNsm6TnZe2zpcMVMOoHL,Alice In Chains
38DYfOsG1QROMnoHd9JPUc,False Pretense,1SImpQO0GbjRgvlwCcCtFo,The Red Jumpsuit Apparatus
0W0wrLHEedr7d5drOI24G7,Frances Farmer Will Have Her Revenge On Seattle,6olE6TJLqED3rqDCT0FyPh,Nirvana
3nqP8YOhxJPdUzXJWbdKyT,Don't Stop (feat. Tiffany Austin),4WmMnGO1nLIsE85XwcBAZE,Orgone
0BRETWVsgLUOyuw1GQdhiG,Fire on the Bayou,2JRvXPGWiINrnJljNJhG5s,The Meters
1hIupFeRu3nmMcjbjxPnMc,I'm Just A Kid,2p4FqHnazRucYQHyDCdBrJ,Simple Plan
4ekUwwCPIKT1ef5GllLSk1,Last Kiss,1w5Kfo2jwwIPruYS2UWh56,Pearl Jam
5jCp5VtcpUlHtW8Dwlx13Y,Angry Chair (2022 Remaster),64tNsm6TnZe2zpcMVMOoHL,Alice In Chains
5YVjIVJ6LTy1eSOLxHhoPf,Little People (Black City),2GLf7iaOOujAem5R87xwto,Matthew Dear
6Ltcx226EO6IIdpwiEyXuG,Head Down,5xUf6j4upBrXZPg6AI4MRK,Soundgarden
3F0ciwEhXa4ExmJIkBJmkJ,Think (About It),6XJPGyxrP66scKvIE9kpPN,Lyn Collins
7ovjkihSn8dagY3TWieigl,Tiger Mountain Peasant Song,4EVpmkEwrLYEg6jIsiPMIb,Fleet Foxes
0xo0UyqbwngZXPsCdPpjei,Surfer King,4l8UbJGiXxbfyDJPvcVH23,A.A. Bondy
67OHsbiiSfrNVfMb1zaETh,Got Me Wrong,64tNsm6TnZe2zpcMVMOoHL,Alice In Chains
4RahtE3jOvD8dSmNew6Q7t,Modern Driveway,3rVAnydRNnaQr24T3reJZg,Luke Abbott
33e9HtOfO1ye1h8xQ7Foc9,The Cave,3gd8FJtBJtkRxdfbTu19U2,Mumford & Sons 
7sCIdsYQ8Nxoj6TjB1Eb7P,Toulouse - Original Mix,5ChF3i92IPZHduM7jN3dpg,Nicky Romero
09mKb0nJ9zUbUbepFazDoh,Away in a Manger,6KWcxMWVNVIYbdOQyJtsSy,The Platters
3U6hFaJqQefQT3dOTti3PW,Moonlight in Vermont,1Jqk46QvzUn7SnwmTGX6Cw,Jo Stafford
4XXBo4dVpofpI1v0lT4u7l,Baby It's Cold Outside,1T0wRBO0CK0vK8ouUMqEl5,Tom Jones
094P9Go47bQKJ5Do15lt69,They Can't Take That Away From Me,5V0MlUE1Bft0mbLlND7FJz,Ella Fitzgerald
5xRnbmpcxzQHwjIF9kHMPk,Chasing Summers (Miami) - Original Mix,2o5jDhtHVPhrJdv3cEQ99Z,Tiësto
1iXBApi39l5r6lJj9WEXXS,Hideaway,4zxvC7CRGvggq9EWXOpwAo,Kiesza
0GrNjx2fUXVbRcjhkYrDAX,The Girl From Ipanema - Stereo Version,0FMucZsEnCxs5pqBjHjIc8,Stan Getz
2eiuumi6SdF4CvGCfEt8V0,You're A Wolf,3ZllGjNdP5pS8UFnT5Jj2x,Sea Wolf
7iM7Zkf3uFQWE4IbjwYoN0,Power Over Me,5KNNVgR6LBIABRIomyCwKJ,Dermot Kennedy
4vgXDV9qcqnwMQkdyGLSpL,Where Angels Fear To Tread,6nS5roXSAGhTGr34W6n7Et,Disclosure
4W9KBjqf2lyUF6MdX0vsJm,Get Up (Rattle) - Vocal Edit,1pbHrVayIcVpHI9z97u4bK,Bingo Players
7CfwMm7x2HLQ1bllMosD9k,Your Best American Girl,2uYWxilOVlUdk4oV9DvwqK,Mitski
1CFpxBiLtcnBVIbnmAJCBk,Águas De Março,3pO5VjZ4wOHCMBXOvbMISG,Antônio Carlos Jobim
3m0g1F8uDsYYXJDwzlmE1K,Dixieland Band From Santa Claus Land - Remastered,3BCgnlCMeRuWq3cY21gGua,Jimmy Dorsey & His Dorsey Land Band
7KddQfMUwk7W2uK8WIACNR,Silent Night,1Jqk46QvzUn7SnwmTGX6Cw,Jo Stafford
354gNwpjlW9QKsMPLWdMv5,The Gypsy,4Ww5mwS7BWYjoZTUIrMHfC,Charlie Parker
6JwotAbv17ZbTiyYgeYCFK,New Year's Resolution,60df5JBRRPcnSpsIMxxwQm,Otis Redding
4b1hVHiZrltoXPDskF0mCp,Don't Dream It's Over,0n94vC3S9c3mb2HyNAOcjg,The Head And The Heart
0vb3ZNM8ajyG4P8NlvOrJX,Santa Claus Is Comin' To Town,19RB1zgFbphlGZGD9DfvDb,King Sisters
1jhtxc7ON8ZzgvWGPwWXUN,Baby Blue,4wyNyxs74Ux8UIDopNjIai,King Krule
7K8aDZqKxtQQPsT7IviHhT,White Christmas,2nvKpWcP8etYTq4JrRiUiy,Cliff Richard
2zkTK6l0Du0nEgwPHGGT0p,Master Of None,56ZTgzPBDge0OvCGgMO3OY,Beach House
2kF9Ijd7I2Kk2P4bYqUmzG,Midnight Blue - Remastered,1sdyFmN4bVOcuFDpTVsxBB,Kenny Burrell
67gmXPQZL1ISSh13OJJ1Pu,Blue Cheese,17lzZA2AlOHwCwFALHttmp,2 Chainz
6i7BrJ729QLUemr0i4rLU2,Birdland,1pVtwG5Up1OZOEpSHJ4AAs,Buddy Rich
0elny2KD7nfZYLlWtWEgmZ,I Saw Mommy Kissing Santa Claus,0kJqBwZ3YBkEJNRcUC1ewZ,Jimmy Boyd
1b9WprGh5qohgtM3zb9aiO,Auld Lang Syne,5u5O35ppRJaOpOrU1CeKEW,Guy Lombardo
1iKVQiRDpHueFlbC9LJBvN,Fear & Force,17mwzDXKn4ra9cuxXaptwp,Vagabon
1B8RSIxmwcjad7XUJjeCK2,You Make Me Feel so Young,1GxkXlMwML1oSg5eLPiAz3,Michael Bublé
5kkxyqYSQrnHpfsmkjKi81,NEW ORLEANS,1Bl6wpkWCQ4KVgnASpvzzA,BROCKHAMPTON
0KfCEU6Qcz0CBomIGLT9N6,The First Noel,3BiJGZsyX9sJchTqcSA7Su,Dick Haymes
4Sv7Fo4bSpK0tM1WBspz4J,Free,4IVAbR2w4JJNJDDRFP3E83,6LACK
1SJWKuVWzg2mXY6dMp9Rsp,You Used to Hold Me,7CajNmpbOovFoOoasH2HaY,Calvin Harris
6Zm6fxOVPzyArjrNPx9LRe,Tomorrow 'Til Infinity (feat. Gunna),50co4Is1HCEo8bhOyUWKpn,Young Thug
3JEzGRDUsozrehZTq3dKE8,All Eyez (feat. Jeremih) [Bonus Track],0NbfKEOTQCcwd6o7wSDOHI,The Game
7ndRluuhCWFbz9QdrxIuso,Get Happy,0CrCKxXekxMpkYfMEf8mca,Rebecca Ferguson
3pndPhlQWjuSoXhcIIdBjv,What They Want,1z7b1Pr1rSlvWRzsW3HOrS,Russ
4ZOv9mx6Lz7RRaBFi5UNaE,Aquarium,0IVapwlnM3dEOiMsHXsghT,Nosaj Thing
5RYXVImRSNAEQ4zKmuKTam,Blue Blocks,7g3iwvP459BN53F7CDxemI,Jason Moran
0PxMHZoeyyTdyOBBUkRbcr,Rudolph The Red Nose Reindeer,3LPgSuOiE17GPcZ4ACDwlL,Spike Jones & His City Slickers
3dGQDRaaoC9yGUr0QGpjTJ,"Let It Snow, Let It Snow, Let It Snow",4Zf0pLGYwNB86Y97kisvkn,Debbie Reynolds
5oMFoh1uOsVzERQyAFe7M8,Under The Pressure,6g0mn3tzAds6aVeUYRsryU,The War On Drugs
4XcU3nURfW7wog7CdfpgM1,Rolling Stones T-Shirt - Radio Edit,00sAT5YX8W3xNd1EuqyHw9,Dada Life
6LxEtvMKSwmPdd5Fh1PCof,Young Dumb & Broke REMIX (feat. Rae Sremmurd & Lil Yachty),6LuN9FCkKOj5PcnpouEgny,Khalid
5BfleIMgLlfeqG5yqKyHz0,Rattle - Original Mix,1pbHrVayIcVpHI9z97u4bK,Bingo Players
3SyV3b5lqDmXpuhY9Sk5Na,The End (Original Mix),1tBU8jUEdVR3mqSsAqEGfD,Tommy Trash
3cYHFvUYDVY9loQQ0LalJc,Blue Rondo à la Turk,3kUKwTJdH8FuWzF8p6Dg9E,Dave Brubeck
5h40ovzXu7rF7Giwb9oXYy,Girls,03r4iKL2g2442PT9n2UKsx,Beastie Boys
4kJWtxDDNb9oAk3h7sX3N4,Strobe,2CIMQHirSU0MQqyYHq0eOx,deadmau5
5H4bQ14RjOVM4eKtaIpn3B,Clarinet Marmalade,3kfbYBrL3MCPAMUwKDRpc7,Bix Beiderbecke
6JQvHMSaR8flFsN53ypOfP,Noticed,5zctI4wO9XSKS8XwcnqEHk,Lil Mosey
1dLb36wK59q5QgGCZE9YyK,Self-Portrait In Three Colours,1W8TbFzNS15VwsempfY12H,Charles Mingus
0Aqlt4N5h6rUtKnd09VXpr,Grillz,2gBjLmx6zQnFGQJCAQpRgw,Nelly
2nkDOKekYStzXVCsMYqLTh,Guala,02kJSzxNuaWGqwubyUba0Z,G-Eazy
2uQC2jPEKJXhexwnuELhwn,Winter Wonderland,0x9L9ChXVAf3hFOb0CbRmd,Shirley Horn
6oUxfy9C4uDiR8kAQUZb0C,Cleopatra,16oZKvXb6WkQlVAjwo2Wbg,The Lumineers
4vLYewWIvqHfKtJDk8c8tq,"So What (feat. John Coltrane, Cannonball Adderley & Bill Evans)",0kbYTNQb4Pb1rPbbaF0pT4,Miles Davis
5sJCo0dvlKZhPHcj9FpG3b,Silver Bells - Remastered 1993,7egNqIGRldMzifHoh8pib6,Al Martino
422lAAWQO9TqL1LxIPdhOn,Random,02kJSzxNuaWGqwubyUba0Z,G-Eazy
3MQLYKlNxsk7csGVEcw0R6,Hello - Feat. Dr. Dre And MC Ren,3Mcii5XWf6E0lrY3Uky4cA,Ice Cube
6TnjaL02usP9dwCGzdk5GS,"You're A Mean One, Mr. Grinch",5Gejwv3xz2DpLcxVpMD6hL,Thurl Ravenscroft
19m9hCeDe1XXB4NLtUrctp,Cascade - Original Mix,1tBU8jUEdVR3mqSsAqEGfD,Tommy Trash
1A6OTy97kk0mMdm78rHsm8,Sunflower - Spider-Man: Into the Spider-Verse,246dkjvS1zLTtiykXe5h60,Post Malone
2hspCATOKb9llyIeMik89G,Acid,2h4ndKS2vRWeFLpq8ARu0D,Ray Barretto
33VReBh5WbMIOiJI1Ml4o8,The Breeze,4mLJ3XfOM5FPjSAWdQ2Jk7,Dr. Dog
4GlFEzKlLRxRjpPlGH3kll,Mele Kalikimaka,1svaANJTE5KrG16fTGDqOs,The Puppini Sisters
5hvXP3n724pq9Cx0FR3AAY,City of Dreams (feat. Ruben Haze),0A35CZkKqUxYneaFjcTEhm,Dirty South & Alesso
4K7VsIEk8jyAcvss7HJtas,Someday My Prince Will Come,5ncBRFyyylFng7kQJaRXN0,Wynton Kelly
1VWSVt3Q0nGbq2EHe2zJYJ,Pair of Dice (Radio Edit),2o5jDhtHVPhrJdv3cEQ99Z,Tiësto
0rsmlyJFeb3qiGxmD3jjEw,Oye Como Va,6SPpCqM8gOzrtICAxN5NuX,Tito Puente
0ZNrc4kNeQYD9koZ3KvCsy,"BIG BANK (feat. 2 Chainz, Big Sean, Nicki Minaj)",0A0FS04o6zMoto8OKPsDwY,YG
7DUGRxCf9NFJffb5Eei8Ar,God Bless the Child,1VEzN9lxvG6KPR3QQGsebR,Sonny Rollins
7b71WsDLb8gG0cSyDTFAEW,Summer,7CajNmpbOovFoOoasH2HaY,Calvin Harris
4yBocB472ltALbHjm4qYYC,Adrenaline Rush,6vbY3hOaCAhC7VjucswgdS,Twista
25nzKGDiua1lE9Qo5V19GL,Young Blood,0oeUpvxWsC8bWS6SnpU8b9,The Naked And Famous
1T2oH7jXpJSLw55XqLjvMi,Party In The Dark,34UhPkLbtFKRq3nmfFgejG,Mogwai
5zOnoB8FdZudDcPX4O8WqF,(No One Knows Me) Like the Piano,2WoVwexZuODvclzULjPQtm,Sampha
41CHb7F7SXcmkj0h8wekeF,Gloomy Sunday (with Teddy Wilson & His Orchestra) - Take 1,1YzCsTRb22dQkh9lghPIrp,Billie Holiday
1D7NJhUyFsFpjIwXMiVO1R,LMK,1U0sIzpRtDkvu1hXXzxh60,Kelela
5wRlH3diPDfn9jv91hxkUy,Emperor Jones,36YE6h8aN09ZKG4EhneDSf,Joe Lovano
18K89WknEGKV08S0oRiNrb,Merry Christmas Baby,293zczrfYafIItmnmM3coR,Chuck Berry
4mgiughUzH0A9Vv80cTBjH,Man from Mars,5wam12nGWDBIrLDV78TNSF,Artie Shaw
01Ch5LzVStxCFPKkT1xg6k,sweet sweet,0Y5tJX1MQlPlqiwlOH1tJY,Travis Scott

2dngx6srtqsxvyh7oGV8FM,Lights & Music,4EENT7N7rCBwrddM3s0vFS,Cut Copy
0MPsh65qp5QJdcENUNBDZq,Indian Summer,1qHR9DMfOJQjvWLEfMZQlG,Beat Happening
1rk9eGO7AkPX1oafUuOnGs,Blue Ridge Mountains,4EVpmkEwrLYEg6jIsiPMIb,Fleet Foxes
6OTwvWiJX7Lo7OTj2DNKQn,Generation 303 (Original Mix),5ChF3i92IPZHduM7jN3dpg,Nicky Romero
7Bto5shUBaNnD3YDv1rnXv,Don't Be That Way,1pBuKaLHJlIlqYxQQaflve,Benny Goodman
6VK7zGAHf17R5vodPvETGF,There's a Christmas Tree in Heaven,6Vb8yGTdhnyIbGS5evBxbF,Eddy Howard
3X3p3u03P8eFL8WTH0oaaU,Fair Weather - Remastered,4L9xEztn5PKQIO5WnI5W3u,Art Farmer
5P5efUJoM4Ykh4xG1sZT6F,Santa Baby,1AwO9pWEBSBoWdEZu28XDC,Eartha Kitt
7jJsme36M90Cn6aYYC2l3t,Talk Is Cheap,6UcJxoeHWWWyT5HZP064om,Chet Faker
7KPr0YxECy4Q1k2F17Sa0Q,Memories (feat. Kid Cudi),1Cs0zKBU1kc0i8ypK3B9ai,David Guetta
5Eg6N02CTSSbdthjVc7wLA,Don't Hurt Me,0YinUQ50QDB7ZxSCLyQ40k,Mustard
6JbhmQi0RlC2CJNIcYq4iR,The Christmas Song,7ceUfdWq2t5nbatS6ollHh,Paul Anka
1K13OsIMc0HLgEJHZoWH78,Goodmorning,2eam0iDomRHGBypaDQLwWI,Bleachers
6QS5GEuM3Nyowck5PawQvL,"You Mine (feat. Trey Songz, Jeremih & Future)",0QHgL1lAIqAw0HtD7YldmP,DJ Khaled
6NwbeybX6TDtXlpXvnUOZC,Master Of Puppets,2ye2Wgw4gimLv2eAKyk1NB,Metallica
1Cx2qZoBKjHtbCy3Ip5WFo,Dinosaur Christmas,1Pb2YKNuDHIKuEFmU7MkEl,Wee Hairy Beasties
7maIZJnwsPBUWT9yJYyPoe,Through Oblivion,57ylwQTnFnIhJh4nu4rxCs,In Flames
3jhKTYlVYgbObugYpTXY9v,The Monkey Dance,2JY5qzEozvTdogkDTkkOMf,The Wiggles
0joYTv9Sh8FyEkO7kvi2tt,April sick,5i8AqrrtbwtPqzkavePQy1,lalasweet
6DPZmWcljW3XCfMNlnqy9r,Heaven and Hell,5M52tdBnJaKSvOpJGz8mfZ,Black Sabbath
2c1Fbb7DfPgp9wULdDNOTP,"F*** U (feat. Deepflow, J-Kwondo of 45 RPM)",4iiBibHDQhvFxF7lY3BMLT,J-Dogg
6NVIBr27sZLk2rW3HOyblr,새벽속으로의 외출,38m6NaoBF8CowoI9HfswXC,STi
0X0Z9WdxVRazlaXlH0yCDm,Baby Don't Cry,4Kxlr1PRlDKEB0ekOCyHgX,BIGBANG
1q90oEGjCQDnwrMFvvg3Ly,I Wish I Had A Horse - Remastered,1SCWcYnoEh1978ycTDhZoW,Alvin & The Chipmunks
6HnQzGWoTHyx71PLbaphGS,Dirty,6wJGHv6dfPrZxFoZXXwtLO,Miryo
5CaFore8Phz3TQPmpntwSN,2HOT,3hzcooxMtbApMTvvn6XKVA,G.NA
2qT1uLXPVPzGgFOx4jtEuo,no tears left to cry,66CXWjxzNUsdJxJ2JdwvnR,Ariana Grande
7diiPqW0hWvSgbmsZq5iUu,The Goldfish,6T2pk5T8c4Wi61x1v84sUa,The Laurie Berkner Band
0TMWGCBG1KdnEGwQhagp3t,Speechless (feat. RKCB),3wzxasxU7kQxHPr0ky5rJq,Candyland
6ad1WlRVw8SP3fwJQlxuyZ,I Need a Girl (Taeyang Solo) [feat. G-Dragon],4Kxlr1PRlDKEB0ekOCyHgX,BIGBANG
66P1OXbpaQYFJiiYY1u1tW,BABY GOOD NIGHT,3e3oLJehq4vQl2H0FAJnvn,GD&TOP
1ZJe2q23LXHnE79UjnJqyx,Tómame o Déjame - Remasterizado,4Sm7JCttzWMwHJtb3UJ8SY,Mocedades
7soFqD1nuVVsc5MOvo13Ad,Ahora Lloras Tú (feat. CNCO),6k8mwkKJKKjBILo7ypBspl,Ana Mena
2hr3kqWd9MJ1sWAhgCpzQf,Flawless,5EehXjjMktLuJmbRsM7YfB,Disciples
44co9E4YpX2VBmyyOH6K7u,너와의 추억을 팔아,38m6NaoBF8CowoI9HfswXC,STi
7txxAtOMwLLnQTpKeBL6bp,Mother,34c4iQ5tkaZKu6Sv28BTde,Danzig
6HtYcBQNHDfMBh50NZnjBp,Bad Idea,2Sqr0DXoaYABbjBo9HaMkM,Sara Bareilles
44cHg0JIrS144r7qLupD9o,Hollow,1vSN1fsvrzpbttOYGsliDr,Tori Kelly
7rb8JRuyMqJSBOSoaFMtCY,Deceiver of the Gods,3pulcT2wt7FEG10lQlqDJL,Amon Amarth
0f0EV02n2JdUFFoKU1jUPq,911,2LRoIwlKmHjgvigdNGBHNo,Feid
3eoBExgavjh0vL2hdO3cWy,Still Alive,4Kxlr1PRlDKEB0ekOCyHgX,BIGBANG
2NZdIV0Cy7gTqNP6rSqypd,Time After Time,4QPS1OMdQn2LgCdGgjTUvC,Radha
1wnq9TwifJ9ipLUFsm8vKx,Lola Montez,0L5fC7Ogm2YwgqVCRcF1bT,Volbeat
40qSFV6TIvL46ZUlsZnpih,Quantum Flux,3qyg72RGnGdF521zMU02u9,Northlane
7EWKAYWmUc1cTfEimTKvou,Háblame de Ti,77NuLmVgB5nIh0HEe6tmqX,Pecos
5OUGSwa2eadrcAsMdUItmO,Mejor Me Alejo,2C6i0I5RiGzDKN9IAF8reh,Banda MS de Sergio Lizárraga
6VrBWh90BiwWmwKtvwWFcq,Ambiente,1vyhD5VmyZ7KMfW5gqLgo5,J Balvin
3UWMvlNnUHjY48CfhvfOOg,$ (feat. Donnie Trumpet),5M0lbkGluOPXLeFjApw8r8,DRAM
6pVYsszLn9982fl6krM10h,begin again (HEALTH Remix),1TtJ8j22Roc24e2Jx3OcU4,Purity Ring
0dPDGfV6IYhwEApCh1Cra9,The Window,5gAy9e3RXVsKUbZvmydkR6,Trout Fishing in America
1f8fcR6UX6BhqFfK7wLPrP,Monster,4Kxlr1PRlDKEB0ekOCyHgX,BIGBANG
08godeIAMvZYqurF1Li0Y3,Obsesssion (악몽) (GD),3e3oLJehq4vQl2H0FAJnvn,GD&TOP
6bDVc03eMOMfvKez5qMAcq,Still Counting,0L5fC7Ogm2YwgqVCRcF1bT,Volbeat
0GMAmEQvDJ7aSsQ3s0YP9u,U&I,2hcsKca6hCfFMwwdbFvenJ,BTOB
5PMbYk8qnxHk11VC8vKsF3,Death Row,2c7W5Wrgn9aGrqtSFrHa1a,Jimi Charles Moody
0LcdTuKMS3kKME4OIoeAsM,Recomecar (Once Again),7uhOcLi85Fj8PlOempXh6z,Pudditorium
0fBOuiEFz8ZRd90QqCWhsN,"아무도, 아무것도",5i8AqrrtbwtPqzkavePQy1,lalasweet
62WXjNnIqmHfcTIg6A2joZ,Instinct,3RP50pmG8Wz1mhNCidQj68,RITUAL
4pBtffFohSRWLXPUTBojuP,Secrets,05tyvnDgYMhgagYbUx9td4,Jacob Whitesides
0lCwaZYSRy6q0jLmnYiQxi,Laid to Rest,3JFsVIxOn7STeilPICkkB2,Lamb of God
5fLOkcGJ6fGNyOGPlG07cK,Culpable Tu,0DjAjUeZwSixK0dRwplBXb,Alta Consigna
5xYCSdkSh2cwwVwwM2XXNN,Let's Shake,2iYByRd5wrZXBbmTyrISfC,Dan Zanes
31M5m42C3EGlbydf9XB5to,Duro y Suave,6BeO1KuAWBqFriL1mLHtNc,Leslie Grace
2PpNgmrS9mAyrkRAwn6YPq,Rainbow in the Dark,4CYeVo5iZbtYGBN4Isc3n6,Dio
7CLxRXy3olj2KngFWAEIcg,Reggaeton Ton,7tU1VKOuxiNZwBZC6RHidA,Alexis y Fido
5TbTav1XIDESHNU2F2jrg2,Storm the Sorrow,5HA5aLY3jJV7eimXWkRBBp,Epica
3M4MIFXr1kDcldIon04LDn,Hasta la Victoria Siempre,1NfOPoGjQfGNsKdUxtFzvJ,Suni Paz
3EkqGwaDQg4vkMHtcNZvpC,The Answer,1WFsBUAgQmrGQQEUyFKS60,Savages
00i0O74dXdaKKdCrqHnfXm,La Mordidita (feat. Yotuel),7slfeZO9LsJbWgpkIoXBUJ,Ricky Martin
5CI2bMAdlP9rwCVUHXhHQV,Prohibida,2wC90WSKQd0BvdxJZ0mObr,El Komander
4NtdkNudAf9vuF9zzpeJiL,Hot,0PGB0xsAyDqHHlvNQcgq5S,POWERS
1SC5nZeOBQ1weE86ho1Yxm,What I Never Knew I Always Wanted,4xFUf1FHVy696Q1JQZMTRj,Carrie Underwood
347kBiR8vuCDICpW1TnjFk,You,3hyEbRtp617pNCuuQjyOmc,Lost Kings
6iRkrVOhCjgKFB2cBWnx4M,Te Lo Pido por Favor,1RgXxY6uzWo9cjYYwwgVGq,Jaguares
1krKtVpFkssNdzlBjbWuON,Witch Doctor - Remastered 1999,1SCWcYnoEh1978ycTDhZoW,Alvin & The Chipmunks
0JMok6kVfl3Cfy2kuz3Mg6,I Am the Best (내가 제일 잘 나가),1l0mKo96Jh9HVYONcRl3Yp,2NE1
6OXU517AeB6iYEMy10rRmr,Ruins,69DKP6GuG0YiUc5K7tJ4an,Ella Isaacson
5mHTg6cqhyP0BmsTQKzN1X,Sprained Ankle,12zbUHbPHL5DGuJtiUfsip,Julien Baker
5uri4QSUkltuHijM9aq1SQ,No digas nada,0AspLZGQkP38yddNoD0pLn,Mario Bautista
4dmAa1buO5Oemq6CMhkJpv,대마왕,5WUtamNqBWjmk0uzIKdANT,더더 밴드(TheThE Band)
5ho7Qp4IDMane2OugQYeWN,Star,4XDi67ZENZcbfKnvMnTYsI,Jay Park
3ebrniHtOzNWigJhEkWguR,Paranoid,5M52tdBnJaKSvOpJGz8mfZ,Black Sabbath
6mObvBogGJSVqKOp8RNebE,Love pop (Acoustic ver.),4h0Xhi9R88E3SqGzHpajrq,Shin Goeun
6xIJG3cnd1O52dJTwtsBBl,Nobody Cares,4SqTiwOEdYrNayaGMkc7ia,LÉON
0l7FQIdC3gvb7R9I8bISFu,We Are The Dinosaurs,6T2pk5T8c4Wi61x1v84sUa,The Laurie Berkner Band
6mOZfn6CVXsX1Tt0l3thm3,Sin documentos,3XkJyJgJDxnjdQgH0zfT8K,Los Rodriguez
1iPo3AoRC036zbbvkVROZw,Arranca en Fa,34qU0b0yRjEzRJtknerEDS,Sonora Carruseles
5ZaTqcL7zIreaVNeVy89Iu,La Gota Fría,4vhNDa5ycK0ST968ek7kRr,Carlos Vives
7LeQ55Z5jPBB0ggYJtAiYO,Brindemos,2R21vXR83lH98kGeO99Y66,Anuel AA
3cdy3GBpBLSo9CogvaXLN6,About That Life,4Uv5bceTJ2h3tLlssUNDNP,Attila
6DmjdFSnP6asXWXTjkEhCP,HIGH HIGH,3e3oLJehq4vQl2H0FAJnvn,GD&TOP
1FzFvaAsZu5pf6OzP0BGWm,Fire,1l0mKo96Jh9HVYONcRl3Yp,2NE1
55NwAn7bAl1edTEg1azLOW,La fórmula (feat. Chris Jedi),3EiLUeyEcA6fbRPSHkG5kb,De La Ghetto
19pisHVJ0gQXjAjXI1DIgP,Turn! Turn! Turn!,2iYByRd5wrZXBbmTyrISfC,Dan Zanes
1wmrAhxfFvuZyeQH3CObBh,I Still Miss Someone,2Q07VeywZl1U7Zbywcq30i,Hushabye Baby
61nSbxyL6VRPp32AMscxiF,Crazy Train - 2002 Version,6ZLTlhejhndI4Rh53vYhrY,Ozzy Osbourne
2vDT1uU6hZgdp3PbWGr0Xy,7 Years,25u4wHJWxCA9vO0CzxAbK7,Lukas Graham
3B6L5LPII5By5IwyCPQYZY,10분만 걸으면 (With 리치) (inst.),4rtCaWX2EELNVfb3G4Rl7W,크리스
24aFNuFt7cGGJ22pnnnhHo,Everyone Asked About You,5uC3TXF7LKZ7LNA7Ox38i5,Bob McGrath
3A2XKObGNiNjSZlQVv8Tq0,Sitcom,3q9nybxzbSHsesDBHUlP4c,Coleman Hell
76t3OEWWCV5Joy8XXSbIGX,Stay Together,1l0mKo96Jh9HVYONcRl3Yp,2NE1
4FXv0p8WvZc7eUyDzsi39p,You've Got Another Thing Comin',2tRsMl4eGxwoNabM08Dm4I,Judas Priest
75dYXnaZHXLgjEIkDERPEJ,Try (밑바닥에서) [feat. Bumkey],3NdOtTPPaXrCyC7Lpmzyhv,Tablo
7pTMHN7QnzmnwGQa3mTRNv,Nemo,2NPduAUeLVsfIauhRwuft1,Nightwish
01pP91ung40K5GCLDYV6G2,Volando Voy,5MnhtFXEfqi637k6NfKuZI,Camaron De La Isla
3D8JoB1xCsSt5tlwix7nce,Ants,3Vw70LLDzGNLRYS67gCElz,Banana Slug String Band
2f0P7iELCvAlV8j6Z3rGDE,Stranglehold,21ysNsPzHdqYN2fQ75ZswG,Ted Nugent
1PhvTwusCB7hHCLrP8mrll,Wolfpack,0EF0xdjRZNktbZ8Aoqf4Di,TĀLĀ
1owhwS72KKXPAE56xL08hn,What do you want (어쩌란 말이냐 (GD)),3e3oLJehq4vQl2H0FAJnvn,GD&TOP
0nkabWhF70jMNuKbRUYpG5,Por Voce (For You),7uhOcLi85Fj8PlOempXh6z,Pudditorium
2XVilv6s9GETnw9PG4T9Mz,El Préstamo,1r4hJ1h58CWwUQe3MxPuau,Maluma
5nCtCCB5i1OfbADvynNw0i,Shape of You (feat. Zion & Lennox) - Latin Remix,6eUKZXaKkcviH0Ku9w2n3V,Ed Sheeran
20DQ3ylk1mHSVdg2sDrCJ2,"Toot Toot, Chugga Chugga, Big Red Car",2JY5qzEozvTdogkDTkkOMf,The Wiggles
2CT3r93YuSHtm57mjxvjhH,Wonderwall,2DaxqgrOhkeH0fpeiQq2f4,Oasis
5NinL2jNwjeRpHwTFeRSv9,"Monteverdi: L'incoronazione di Poppea, SV 308, Act 3: ""Pur ti miro"" (Neron, Popea)",5iAhVgz6P8Nylxijb0C65v,Claudio Monteverdi
4BYGxv4rxSNcTgT3DsFB9o,Purple Haze,776Uo845nYHJpNaStv1Ds4,Jimi Hendrix
7rfiXyFb5M9BqdkvKvVEiB,"My Love (feat. Major Lazer, WizKid, Dua Lipa)",67nwj3Y5sZQLl72VNUHEYE,Wale
7BKLCZ1jbUBVqRi2FVlTVw,Closer,69GGBxA162lTqCwzJG5jLp,The Chainsmokers
7J41dYQolQJEtj3UmKLu5r,U Got It Bad,23zg3TcAtWQy7J6upgbUnj,Usher
1RQwcsdHIW5p86cx8zuf1I,Kickstart My Heart,0cc6vw3VN8YlIcvr1v7tBL,Mötley Crüe
49k8Tf4Fld50SREHGOyNJw,"Giordano: Fedora, Act 2: ""Amor ti vieta di non amar"" (Loris)",2vedxcgUX1uom0dCE4xTTj,Umberto Giordano
5gYy5zUXYvEpE2bUDrcyn6,"Il Trionfo del Tempo a del Disinganno, Oratorio in two parts HWV 46 a (1707), Part Two: Aria: ""Lasci la spina"" (Piacere)",1QL7yTHrdahRMpvNtn6rI2,George Frideric Handel
0vcXN4oHg3xDEqJXJ1oPZE,"Le Nozze di Figaro (The Marriage of Figaro), K. 492., Act: Non Piu Andrai (Figaro)",4NJhFmfw43RLBLjQvxDuRS,Wolfgang Amadeus Mozart
6VuxlH4Hj2umYxBjfFMZVN,Have You Ever Seen The Rain,3IYUhFvPQItj6xySrBmZkd,Creedence Clearwater Revival
69bM0Z8FGuYrnPieQNHS1O,Hello,3gMaNLQm7D9MornNILzdSl,Lionel Richie
3FOO2rGILcVKtlu5btawlW,"Panis Angelicus, Op.12",1C3sffOOvQNUwg4YIsvKqy,César Franck
3GCL1PydwsLodcpv0Ll1ch,You Belong With Me,06HL4z0CvFAxyc27GXpf02,Taylor Swift
34gCuhDGsG4bRPIf9bb02f,Thinking out Loud,6eUKZXaKkcviH0Ku9w2n3V,Ed Sheeran
3kZC0ZmFWrEHdUCmUqlvgZ,I Will Follow You into the Dark,0YrtvWJMgSdVrk3SfNjTbx,Death Cab for Cutie
52gvlDnre9craz9dKGObp8,La La La,1bT7m67vi78r2oqvxrP3X5,Naughty Boy
6JsuRcEEXGe8R3VqsKKm5P,My Way,1Mxqyy3pSjf8kZZL4QVxS0,Frank Sinatra
1znGxpojJSjxZZEWA5zWva,Still Counting,0L5fC7Ogm2YwgqVCRcF1bT,Volbeat
0B1QTVABE86QcHjXdPfeej,You Gotta Not,3e7awlrlDSwF3iM0WBjGMp,Little Mix
5G2c6FsfTzgYUzageCmfXY,One Thing,4AK6F7OLvEQ5QYCBNiQWHq,One Direction
3GCdLUSnKSMJhs4Tj6CV3s,All The Stars (with SZA),2YZyLoL8N0Wb9xBt1NhZWg,Kendrick Lamar
5jzma6gCzYtKB1DbEwFZKH,London Calling - Remastered,3RGLhK1IP9jnYFH4BRFJBS,The Clash
4c75xeSteTcgSSxRtsKqOJ,House On Fire,6Wr3hh341P84m3EI8qdn9O,Rise Against
48lVHYfNO1TvL54zMNwVnX,Need You Now,32WkQRZEVKSzVAAYqukAEA,Lady A
4u9f8hqstB7iITDJNzKhQx,My Generation - Stereo Version,67ea9eGLXYMsO2eYQRui3w,The Who
5pqUc0SPA1EmhdOyD9Ou45,Sexual,5H6xmHXjsq98NLbEjuE29f,NEIKED
0vR7Slji803NoLAfvw1roW,Sogno - Extended Version,2HrAhTpzNRcTvwTtQBHgs3,Giuseppe Vessicchio
4cluDES4hQEUhmXj6TXkSo,What Makes You Beautiful,4AK6F7OLvEQ5QYCBNiQWHq,One Direction
5WSdMcWTKRdN1QYVJHJWxz,Girls,3mIj9lX2MWuHmhNCA7LSCW,The 1975
6vECYJHxYmm3Ydt3fF01pE,Stolen Dance,1hzfo8twXdOegF3xireCYs,Milky Chance
47KVHb6cOVBZbmXQweE5p7,Rape Me,6olE6TJLqED3rqDCT0FyPh,Nirvana
1wAXODAAL6hY64ZdhrnjBO,Drive By,3FUY2gzHeIiaesXtOAdB7A,Train
7xrA11O07xo57Bbg6p4hck,Body Say,6S2OmqARrzebs0tKUEyXyp,Demi Lovato
0FTtjomwa2IjrkjQxcYaxi,Notte 'e piscatore,2WJgQFuPa6W725Lg6F9C9X,Massimo Morante
7DFNE7NO0raLIUbgzY2rzm,Let Her Go,0gadJ2b9A4SKsB1RFkBb66,Passenger
0qt5f5EL92o8Snzopsv0en,Geronimo,6VxCmtR7S3yz4vnzsJqhSV,Sheppard
4pbJqGIASGPr0ZpGpnWkDn,We Will Rock You - Remastered 2011,1dfeR4HaWDbWqFHLkxsg1d,Queen
34kbSUE9nBOYUPHefQIkgf,"Purcell: Dido and Aeneas, Z. 626, Act III: Song. ""When I Am Laid in Earth"" (Dido)",3tMLo1k3iUo82coMLWXzxq,Henry Purcell
72po8JKu6e1hLtQ7kGJPg3,Wish You Were Here,0p4nmQO2msCgU4IF37Wi3j,Avril Lavigne
4oDZ5L8izBals6jKBJDBcX,Your Love,1zxDewzd2j1ZdSBGaYcr0y,The Outfield
0ancVQ9wEcHVd0RrGICTE4,Take Me Out,0XNa1vTidXlvJ2gHSsRi4A,Franz Ferdinand
1uDjaezEbalGyGnuH80zDK,Who Do You Love?,0A0FS04o6zMoto8OKPsDwY,YG
5zQc69SAXOzsbp8aLRv6mk,"Massenet: Werther, Act 3: ""Pourquoi me réveiller""",1AoIc5YFH0aSFc4mKqBEeB,Jules Massenet
2dpaYNEQHiRxtZbfNsse99,Happier,64KEffDW9EtZ1y2vBYgq8T,Marshmello
0rFOs9paloAvEtzwDX1Kmc,Bubbly,6aZyMrc4doVtZyKNilOmwu,Colbie Caillat
55qBw1900pZKfXJ6Q9A2Lc,Teenage Dream,6jJ0s89eD6GaHleKKya26X,Katy Perry
6qdyIN0iR5d6JOvV2ek08N,Keep A Knockin,4xls23Ye9WR9yy3yYMpAMm,Little Richard
5eYwDBLucWfWI5KsV7oYX2,Mary Jane's Last Dance,4tX2TplrkIP4v05BNC903e,Tom Petty and the Heartbreakers
47StfXJOnGLhYfMEWgoTiX,Footsteps,1pRaG81GsVtaTBuVSpldt2,Pop Evil
74nl6X5WEfxdRvGkr5weof,Wanted Dead Or Alive,58lV9VcRSjABbAbfWS6skp,Bon Jovi
6ZeQp2XTOiPCePWRfCHSo5,Oblivion,7EQ0qTo7fWT7DPxmxtSYEc,Bastille
7GS0YrRchJeRvhkTOj8buX,"Nabucco: Chorus Of The Hebrew Slaves (Va', Pensiero, Sull'ali Dorate)",3PfJE6ebCbCHeuqO4BfNeA,London Philharmonic Orchestra
6Rt9GlwZEDU0V3vhXrUNqJ,Necessary Evil (feat. Jonathan Davis),6MwPCCR936cYfM1dLsGVnl,Motionless In White
4gMgiXfqyzZLMhsksGmbQV,"Another Brick in the Wall, Pt. 2",0k17h0D3J5VfsdmQ1iZtE9,Pink Floyd
72R0X0h8YaxYNpegeoOl0M,Kiss Me Slowly,2PCUhxD40qlMqsKHjTZD2e,Parachute
5FG4oscqeJx9BYFSf04AQM,"Mozart: Die Zauberflöte, K. 620, Act 1: ""Der Vogelfänger bin ich ja"" (Papageno)",4NJhFmfw43RLBLjQvxDuRS,Wolfgang Amadeus Mozart
6TxWxE3IIWDgUVFy1aAItJ,Every Step That I Take (feat. Portugal. The Man & Whethan),74NBPbyyftqJ4SpDZ4c1Ed,Tom Morello
66hOCG7IpEJI5wfLDhajxD,Last Young Renegade,46gyXjRIvN1NL1eCB8GBxo,All Time Low
7E8edqa0m0ASLXkLfmWY03,Problem,66CXWjxzNUsdJxJ2JdwvnR,Ariana Grande
6HFbq7cewJ7rPiffV0ciil,A Sky Full of Stars,4gzpq5DPGxSnKTe4SA8HAU,Coldplay
5WreTsxSxk20miEpWVepAx,"Lehár: Die lustige Witwe, Act 2: Vilja-Lied (Hanna)",3O3SOoPYtUSjajTdIag0nT,Franz Lehár
7kWhdmRYv8CqbWNqfojqVd,Let's Stay Together,3dkbV4qihUeMsqN4vBGg93,Al Green
1HlGblweLq0eAwnb0NY1EQ,18 and Life,4opTS86dN9uO313J9CE8xg,Skid Row
7HpcUafcywDfEuXiXyYcuk,Because - Live,0AZWKUDP5MV02GvkswQNJj,Guy d' Hardelot
41kUupAzNt7hy1BEbPkp0P,When We Were Young,09NYzWfQlunWS3XBZFaDEC,Andy Black
48UPSzbZjgc449aqz8bxox,Californication,0L8ExT028jH3ddEcZwqJJ5,Red Hot Chili Peppers
5Af1el8XZK7PyiUOoy23xg,Dude (Looks Like A Lady),7Ey4PD4MYsKc5I2dolUwbH,Aerosmith
0snQkGI5qnAmohLE7jTsTn,Toxicity,5eAWCfyUhZtHHtBdNk56l1,System Of A Down
3u1S1OmAUhx5DRlLrXqyp3,Rise,1HBjj22wzbscIZ9sEb5dyf,Jonas Blue
5nydh0uIcz9gxSoJY6FtTn,(Everything I Do) I Do It For You,3Z02hBLubJxuFJfhacLSDc,Bryan Adams
0LN0ASTtcGIbNTnjSHG6eO,Pour Some Sugar On Me (2012),6H1RjVyNruCmrBEWRbD0VZ,Def Leppard
6s0NHplywwr1IjnQpUpWJk,Bad To The Bone,4n31svBA9GGIYxGxgrQaRK,George Thorogood & The Destroyers
2Foc5Q5nqNiosCNqttzHof,Get Lucky (feat. Pharrell Williams & Nile Rodgers) - Radio Edit,4tZwfgrHOc3mvqYlEYSvVi,Daft Punk
2nRvKHh2mtOfIQ4jcAkP9q,Just A Kiss,32WkQRZEVKSzVAAYqukAEA,Lady A
1hKdDCpiI9mqz1jVHRKG0E,Enter Sandman,2ye2Wgw4gimLv2eAKyk1NB,Metallica
3E2Zh20GDCR9B1EYjfXWyv,Weak,6s22t5Y3prQHyaHWUN1R1C,AJR
1qFMUNah44kASCQhM66VxU,Aleluya,5l8VQNuIg0turYE1VtM9zV,Leonard Cohen
6B4JGMaqe1LaEMlsVzNdNM,Fell On Black Days,5xUf6j4upBrXZPg6AI4MRK,Soundgarden
1olNHIIVl4EVwIEPGYIR7G,Holy Grail,3nFkdlSjzX9mRTtwJOzDYB,JAY-Z
7BzhqmRj3iOZXqMHqiifHr,Heartbeats,6xrCU6zdcSTsG2hLrojpmI,José González
0BhZWr9gPZNlVdWWigvYA9,She Looks So Perfect,5Rl15oVamLq7FbSb0NNBNy,5 Seconds of Summer
2iXdwVdzA0KrI2Q0iZNJbX,Better Together,3GBPw9NK25X1Wt2OUvOwY3,Jack Johnson
2y4lAQpi5VTNLu2ldeTdUH,We Can't Stop,5YGY8feqx7naU7z4HrwZM6,Miley Cyrus
6z3kn9MAZ9tDclLgnlM8Su,"Puccini: Tosca, Act 2: ""Vissi d'arte"" (Tosca)",0OzxPXyowUEQ532c9AmHUR,Giacomo Puccini
2EnSYxhKSEznkZ6PKOUnV9,"""Là ci darem la mano""",4NJhFmfw43RLBLjQvxDuRS,Wolfgang Amadeus Mozart
44wXefe8WB9Fd6xwtmAwbR,Monkey Wrench,7jy3rLJdDQY21OgRLCZ9sD,Foo Fighters
6Gcv1c96EIihHdJeERkpc8,Dose,0nmQIMXWTXfhgOBdNzhGOs,Avenged Sevenfold
0VZ9xPNa6ROafP6GYYuv2S,Marry Me,3FUY2gzHeIiaesXtOAdB7A,Train
1mwt9hzaH7idmC5UCoOUkz,Diamonds,5pKCCKE2ajJHZ9KAiaK11H,Rihanna
2YfwnqDGnxL2xkhYoNhhs7,"Norma - ""Casta Diva",0bjdfjE8XbLa2Odstu6E1E,Maria Callas
51TG9W3y9qyO8BY5RXKgnZ,Symphony Of Destruction,1Yox196W7bzVNZI7RBaPnf,Megadeth
3KiktyOxQd2Z0bmnabgRq2,I'm a Mess,6eUKZXaKkcviH0Ku9w2n3V,Ed Sheeran
5jsDxDkJ1PqyYUWhDMr86B,Song #3,49qiE8dj4JuNdpYGRPdKbF,Stone Sour
2FtNeQ8GIVpbm7BGr4SPcf,Brown Sugar,22bE4uQ6baNwSHPVcDxLCe,The Rolling Stones
5IWmU2PNimgYuTLddU2DRo,Payphone,04gDigrS5kc9YWfZHwBETP,Maroon 5
1yYZb7WgQPBigLUs7ENBmv,Waiting - Original Mix,1xT5p0VBpnZDrvVSjX9sri,Dash Berlin
0QR1pHhLZMKfvHM1cwycr7,(It's) Hairspray,4PMcxAosgYzNpvMCq04K7u,James Marsden
0cQNdoB5EzZO9KMguUAl2o,Bring Him Home,5F1aoppMtU3OMiltO8ymJ2,Hugh Jackman
3Q5K3AUwRshY9TSXxRk3IW,Master Blaster (Jammin'),7guDJrEfX3qb6FEbdPA5qi,Stevie Wonder
6TtN9cU9bK6TJX0DBSu6pd,Mister Cellophane,5SL8972vfCQ4PFqlmf9B5G,John C. Reilly
44yRyJa2dEHhEwKIb0kEWJ,Riverside (Let's Go!) - Radio Edit,3XonXgjEAAXVl0WKLF1Z4g,Sidney Samson
0pQKr2oVqcTPxIet5z2yn3,Who Am I?,7EzZtsaDuv0EecScnO7wrh,Les Misérables-Original London Cast
4lY95OMGb9WxP6IYut64ir,Shake It Out,1moxjboGR7GNWYIMWsRjgG,Florence + The Machine
6jizk5lOUnfpaZXYMdfeC6,Trumpets,07YZf4WDAMNwqr4jfgOZ8y,Jason Derulo
0rgQp5Pi4C2G8vQrhaTS7b,The Age Of Love - Jam & Spoon Watch Out For Stella Mix,03tes5RhEvH2dX2eDeGnRn,Age Of Love
5173EmOj6tDEg4bP5LO3ws,Feels So Good,0SfsnGyD8FpIN4U4WCkBZ5,Armin van Buuren
2VC56eybNyq2O2ahMgS6JT,Seasons of Love B,4vLVxKPowMj14Ou1NNUxuc,Cast Of The Motion Picture Rent
1E3BZjG5SDMy0dYANdbc3u,Get Up Offa That Thing,7GaxyUddsPok8BuhxN6OUW,James Brown
01IEMsoSrK1WXJeuumBZX1,Full Moon Party - Original Mix,5MO2kbaGGA2a8kL4c9qqHq,Paul Oakenfold
065mLOJfAqeHZ162rIx5YB,L.E.D. There Be Light - Extended Mix,1eQe86RbDKRIiGZk08r9YJ,Rank 1
1ANOv63SRuUpI9w347Mgg7,You Got Me,78xUyw6FkVZrRAtziFdtdu,The Roots
3tBHQJmuE0BOKR7l4Anap5,Beam Me Up (Kill Mode) (Radio Edit),1IELhvOMg5VQlU7syRm6CS,CAZZETTE
44Ljlpy44mHvLJxcYUvTK0,Chocolate,3mIj9lX2MWuHmhNCA7LSCW,The 1975
6zlOUIqcU6juXFww9UNpJK,Five Hours,6VD4UEUPvtsemqD3mmTqCR,Deorro
0QwzCPyTv6UnzjAhZZ0CkB,Firestarter,4k1ELeJKT1ISyDv8JivPpB,The Prodigy
55OjNE2lCUX19YsiwjmtYX,Super Freak,0FrpdcVlJQqibaz5HfBUrL,Rick James
0u8ekDfiPVBsju2LBLvDvI,You Know I'm No Good,6Q192DXotxtaysaqNPy5yR,Amy Winehouse
1FsH6OZCKLWbBgqj8JcCvO,The Man,0id62QV2SZZfvBn9xpmuCl,Aloe Blacc
57HLbw5C35P2CjpNJ9ALuS,Sun In Your Eyes,10gzBoINW3cLJfZUka8Zoe,Above & Beyond
7Jwe4iWB1G6c7TE7fRedrm,Animals - Radio Edit,60d24wfXkVzDSfLS6hyCjZ,Martin Garrix
7sKQFjbD7nMuAV5dAOsLx5,Love Heals - Bonus Track,4vLVxKPowMj14Ou1NNUxuc,Cast Of The Motion Picture Rent
47JhUpExCronIR7puEZJLh,Fantine’s Death,0nIyPY7J7G68WgQEOLHn0x,Anne Hathaway
71O1jD7bF3cdMPvPi186V6,I Will Wait,3gd8FJtBJtkRxdfbTu19U2,Mumford & Sons
7h8Ud480Fm4ReUVxgFF9ZX,Rolling In The Deep,4dpARuHxo51G3z768sgnrY,Adele
5OJ8hNTKYU2dCvdgnOarLU,Cracks Feat. Belle Humble (Flux Pavilion Rmx),0zg9mF9dX2knvdTKnL22T1,Freestylers
3BC5s3KuoL1lhtllHkY4lV,Wizard - Radio Edit,60d24wfXkVzDSfLS6hyCjZ,Martin Garrix
7EUQCJB5ajbOpXHcwSXiUr,Thing Called Love,10gzBoINW3cLJfZUka8Zoe,Above & Beyond
687RRToOFAtpqZRzmbhGtu,The Devil's Den,5he5w2lnU9x7JFhnwcekXX,Skrillex
1EzaEQ1hUWj7NWphY5Allw,Mmm Yeah,04abdnqPQe2N4fjztDea6z,Austin Mahone
6PgVDY8GTkxF3GmhVGPzoB,"Hold On, I'm Comin'",2BVYdY4PyfCF9z4NrkhEB2,Sam & Dave
0D2VYiRlBv43asKUgieZaM,Jubel - Radio Edit,1L9i6qZYIGQedgM9QLSyzb,Klingande
5IWmU2PNimgYuTLddU2DRo,Payphone,04gDigrS5kc9YWfZHwBETP,Maroon 5
50yxhOQupboMoF1xgzLza3,"Poor Fool, He Makes Me Laugh",4aP1lp10BRYZO658B2NwkG,Andrew Lloyd Webber
36wKLcOJbovEQl02HpKQqR,Castle On A Cloud,5pxpygL6kP0q3Mx3dIc6Og,Isabelle Allen
4qB0gG9wNEF6ria5t2FvVa,Everything To Lose - Armin van Buuren Remix,2mpeljBig2IXLXRAFO9AAs,Dido
6AM7t00mfM3bit94yBSpXJ,Maximal Crazy (Radio Edit),2o5jDhtHVPhrJdv3cEQ99Z,Tiësto
4u2KDCwcj8WGcFXDhy1aKL,The World (Is Going Up In Flames),462T0buQ5ScBUQCRpodDRf,Charles Bradley
7Cpw2S8ovuRcSMhTQNgcHo,Air For Life,10gzBoINW3cLJfZUka8Zoe,Above & Beyond
6SaOWdixuJbg010zPmwjOw,The Payback,7GaxyUddsPok8BuhxN6OUW,James Brown
0ekII9O2RfHOivSRY9Bn1U,Crave You (Adventure Club Remix),1lc8mnyGrCLtPhCoWjRxjM,Flight Facilities
0X3OESzSXYyI46ZidrMPu4,Good Morning Baltimore,51cLPvmhBdl3qTsZCL32Yl,Nikki Blonsky
6HFbq7cewJ7rPiffV0ciil,A Sky Full of Stars,4gzpq5DPGxSnKTe4SA8HAU,Coldplay
3FtYbEfBqAlGO46NUDQSAt,Electric Feel,0SwO7SWeDHJijQ3XNS7xEE,MGMT
10xIRi7B3JJ19VNkmNo1mY,Move Your Hands Up - Radio Mix,2R7nX7cMh6EBm27zPgoKcv,Clubraiders
18Ffw8gKfSBm2SL7ZnOx47,In And Out Of Love,0SfsnGyD8FpIN4U4WCkBZ5,Armin van Buuren
6NPVjNh8Jhru9xOmyQigds,Happy,2RdwBSPQiwcmiDo9kixcl8,Pharrell Williams
5PsMbxhgWpJMsouEfDTX6r,Locked out of Heaven,0du5cEVh5yTK9QJze8zA0C,Bruno Mars
47r2YKldN36ykegWkciO0E,Doomsday,4uRYpUQZrNrY5t8tAv3XrD,NERO
0T22mNyEqWJtxZeup7b82W,Love Is a Crime,2siHvYaxjaW5rKVRiIrMYH,Anastacia
47WNjXohtA1A6gY2zTKZ91,Professional Griefers,2CIMQHirSU0MQqyYHq0eOx,deadmau5
6vZdRrueM9ZEJjx6EWe1XQ,Stolen Dance,1hzfo8twXdOegF3xireCYs,Milky Chance
2wqaekenSQZm7hxQOYt8oE,Am I Wrong,0awl5piYwO0CDTHEkCjUhn,Nico & Vinz
0HLQBvIEEdJhdl8jd2Pt1E,I Just Called To Say I Love You - Single Version,7guDJrEfX3qb6FEbdPA5qi,Stevie Wonder
541dIJFHxpeCMVWydZ5Lzw,Summer Nights - From “Grease” Soundtrack,4hKkEHkaqCsyxNxXEsszVH,John Travolta
6Sy9BUbgFse0n0LPA5lwy5,Sandstorm,0LhHRmSd1EYM5QdNeNnCoQ,Darude
2f9HNN1AnSoBiW2aObROr3,I Second That Emotion,6TKOZZDd5uV5KnyC5G4MUt,Smokey Robinson & The Miracles
5FgtdSf7I5lClThz2ptWvl,Blue (Da Ba Dee),64rxQRJsLgZwHHyWKB8fiF,Eiffel 65
6Jmk1iTfUs8YL2d620NcHB,On My Own,4gOl5m9dY7IGAipqpul7GZ,Samantha Barks
2N2Mp4HjnYcmrZ2YqrKedy,Alone,0SfsnGyD8FpIN4U4WCkBZ5,Armin van Buuren
0ktV2JoOsoTGURzKaZnjJL,Birthday,6jJ0s89eD6GaHleKKya26X,Katy Perry
25R6UFrB9DKhEWkNhOLe5u,I Need A Dollar,0id62QV2SZZfvBn9xpmuCl,Aloe Blacc
4cluDES4hQEUhmXj6TXkSo,What Makes You Beautiful,4AK6F7OLvEQ5QYCBNiQWHq,One Direction
2lH6RlA7NA2CcTfyEsONTc,Tango: Maureen,00BueEoowSUVGZoCR5yIRL,Tracie Thoms
7v7PMGZfdzWu31qV2oZwR7,Broken Tonight,0SfsnGyD8FpIN4U4WCkBZ5,Armin van Buuren
0uPminoDU1Qia4wSJlPTD6,Rebound - Original Mix,0LyfQWJT6nXafLPZqxe9Of,Various Artists
1vvdSt0Q15qMCbo8mkUea2,Russia Privet - UK Version,37DdwREpvvQHmGLFEZ4h0Q,Basshunter
3G6hD9B2ZHOsgf4WfNu7X1,Team,163tK9Wjr9P9DmM0AVK7lm,Lorde
4flRg2zM66h5fho3Yce2bx,No Place Like London,3OsHwkxpSIEqqmYoQxZTT5,Johnny Depp
5yR9jaIJerOKso2maFPU0w,One Day More,7EzZtsaDuv0EecScnO7wrh,Les Misérables-Original London Cast
1dF7EdEalTVfJyR6zCv093,I'm Still In Love With You,3dkbV4qihUeMsqN4vBGg93,Al Green
6tS3XVuOyu10897O3ae7bi,California Gurls,6jJ0s89eD6GaHleKKya26X,Katy Perry
75D5cH21X8jAVdRKuUR70B,Didn't I Blow Your Mind This Time,6YPRXu1dazGYcSZv4HJEH4,The Delfonics
4c9FIjxXYYEyD9iH02fvbu,Animus Vox,3a9qv6NLHnsVxJUtKOMHvD,The Glitch Mob
1fotoYONO343JjbC8XvPSl,Moment Of Truth,5cMgGlA1xGyeAB2ctYlRdZ,Gang Starr
56QCGK2tyUmlma8k94zLal,Miami 2 Ibiza,1h6Cn3P4NGzXbaXidqURXs,Swedish House Mafia
2qq7sHFIexFKEvlNghevsj,Stay The Night - featuring Hayley Williams of Paramore,2qxJFvFYMEDqd7ui6kSAcq,Zedd
6PchKwjaU56tU8HcFYhuGv,Rescue Me - Single Version,6k3YMXJ1MJLgUEAlSPC6hA,Fontella Bass
2S2La5rT0YCESfyZhJfQtf,Master of the House,7EzZtsaDuv0EecScnO7wrh,Les Misérables-Original London Cast
7sCIdsYQ8Nxoj6TjB1Eb7P,Toulouse - Original Mix,5ChF3i92IPZHduM7jN3dpg,Nicky Romero
2NVpYQqdraEcQwqT7GhUkh,Ain't Nobody,6mQfAAqZGBzIfrmlZCeaYT,Chaka Khan
4fjGv8AsaV8tGRja20QZIX,Omigod You Guys,3HfGekNeA7D6kO5Yz1Pyjw,Original Cast Recording
3uoqlATyV5IWOhy0LBF7k1,All I Ever Wanted - Radio Edit,37DdwREpvvQHmGLFEZ4h0Q,Basshunter
2XqTTDg835sjCyyFEvhYyr,Stand By Me,3plJVWt88EqjvtuB4ZDRV3,Ben E. King
1lSBvNN5KpRC0OfzEJjY7L,You Are The Sunshine Of My Life,7guDJrEfX3qb6FEbdPA5qi,Stevie Wonder
2VhPOtIQw2UpQmRVevdviU,Bang Bang,2gsggkzM5R49q6jpPvazou,Jessie J
4ZKGarvWsSOruOaw40cFNz,Love That Girl,6g0Wah2YFtb1rFgKhUktlo,Raphael Saadiq
4bJhvPYFBlyoUOo8ts3b6B,Derezzed,4tZwfgrHOc3mvqYlEYSvVi,Daft Punk
619bJQ9uDi8dnXzLebFI7y,When Love Takes Over (feat. Kelly Rowland),1Cs0zKBU1kc0i8ypK3B9ai,David Guetta
2FstVkrFZUiyyic7epk3jy,Sirens Of The Sea,0aTdKgInKeMlNnwWSa1YPT,Oceanlab
70AhDADPvD8cRhjfgBUjhZ,Just The Two Of Us,05YVYeV4HxYp5rrWalvuE1,"Grover Washington, Jr."
0xh1nbm202VvLOlpp7JjPA,How Can You Mend a Broken Heart,3dkbV4qihUeMsqN4vBGg93,Al Green